53669,Abyss Lake,CLE,NAN,1500,1•
64903,Adams Lake,GAR,.,CR1,2100
79372,Adobe Creek Reservoir,BEN,BCF,20000,"3"""
79372,Adobe Creek Reservoir,BEN,BCR,70000,"2"""
79372,Adobe Creek Reservoir,BEN,CCF,40000,"3"""
79372,Adobe Creek Reservoir,BEN,LMB,150000,"0.2"""
79372,Adobe Creek Reservoir,BEN,SAG,1000000,"0.2"""
79372,Adobe Creek Reservoir,BEN,SXW,100000,"0.2"""
72188,Ae,GAR,NAN,200,"1"""
52314,Akron City Lake,WAS,BCR,2000,"2"""
52314,Akron City Lake,WAS,CCF,3000,"8"""
52314,Akron City Lake,WAS,LMB,2000,"1.5"""
52314,Akron City Lake,WAS,RSF,7000,"1.5"""
53710,Alder Lake,JAC,GBN,300,"1"""
64916,Alder Park Pond,GAR,RBT,250,"10"""
64915,Aldrich Lake #1,RBL,LXB,4100,"3"""
64915,Aldrich Lake #1,RBL,SPL,1500,"3"""
71732,Aldrich Lake #2,RBL,LXB,1000,"3"""
71744,Aldrich Lake #3,RBL,LXB,550,"3"""
88333,Alexander Lake,DEL,RBT,3000,"10"""
88333,Alexander Lake,DEL,SRN,1000,"2"""
88630,Alkali,ALA,HXH,2800,"2"""
64927,Allen Basin Reservoir,RBL,RBT,10000,"5"""
52345,Allen Park Lake,WEL,RBT,1500,"10"""
88345,Alta Lake Lower,SNM,RBT,2000,"10"""
64941,Anderson Lake,PIT,CR1,860,"1"""
88369,Andrews Lake,SNJ,BRK,3500,"3"""
88369,Andrews Lake,SNJ,RBT,4000,"10"""
37982,Animas River #1,LAP,GRR,10000,"2"""
37994,Animas River #2,LAP,GRR,10000,"2"""
37994,Animas River #2,LAP,RBT,1800,"10"""
38011,Animas River #4,SNJ,RBT,500,"10"""
79764,Antero Reservoir,PAR,HHN,150000,"5"""
79764,Antero Reservoir,PAR,HHN,150000,"5"""
79764,Antero Reservoir,PAR,LOC,67428,"3"""
79764,Antero Reservoir,PAR,LOC,6899,"3"""
79764,Antero Reservoir,PAR,LOC,60529,"3"""
79764,Antero Reservoir,PAR,LXB,20000,"3"""
79764,Antero Reservoir,PAR,RBT,300000,"5"""
79764,Antero Reservoir,PAR,SPL,20000,"3"""
79764,Antero Reservoir,PAR,SRN,50000,"5"""
79764,Antero Reservoir,PAR,TGM,750,"7"""
81238,Anticline Lake,PUE,BCR,2500,"2"""
81238,Anticline Lake,PUE,BGL,1000,"2"""
81238,Anticline Lake,PUE,CCF,1500,"8"""
81238,Anticline Lake,PUE,RBT,4000,"10"""
81238,Anticline Lake,PUE,RBT,8000,"10"""
53590,Arapahoe Bend Bass Pond,LAR,BGL,1500,"2"""
53590,Arapahoe Bend Bass Pond,LAR,LMB,2500,"1.5"""
53590,Arapahoe Bend Bass Pond,LAR,WAL,2304,"1.2"""
53593,Arapahoe Bend Beaver Pond,LAR,CCF,2000,"3"""
53593,Arapahoe Bend Beaver Pond,LAR,SAG,3961,"1.2"""
53593,Arapahoe Bend Beaver Pond,LAR,WAL,100000,"0.2"""
53734,Arapahoe Lake #2,GIL,GBN,1630,1•
53746,Arapahoe Lake #3,GIL,GBN,430,1•
28966,Arkansas River #2A,OTE,SMM,20000,1•
28971,Arkansas River #3B,PUE,LOC,12000,"3"""
28971,Arkansas River #3B,PUE,RBT,8000,"10"""
28971,Arkansas River #3B,PUE,RBT,8000,"10"""
32970,Arkansas River #6B,FRE,GRR,9000,"3"""
32982,Arkansas River #6C,FRE,GRR,5000,"3"""
32994,Arkansas River #6D,FRE,GRR,12000,"3"""
29012,Arkansas River #7,CHA,GRR,15000,"3"""
29024,Arkansas River #8,CHA,GRR,11000,3•
29036,Arkansas River #9A,CHA,GRR,15000,"3"""
29048,Arkansas River #9B,CHA,GRR,2000,"3"""
94110,Arrowhead Lake,DOL,BRK,500,"3"""
94110,Arrowhead Lake,DOL,RBT,500,"10"""
80096,Arthur Lake,CHA,GOL,500,"1.5"""
59976,Arvada Reservoir,JEF,CCF,3067,"8"""
59976,Arvada Reservoir,JEF,RBT,19000,"10"""
64965,Atkinson Reservoir,MES,CR1,8000,2•
56420,Aurora Reservoir,ARA,CCF,20380,"3"""
56420,Aurora Reservoir,ARA,RBT,20500,"10"""
56420,Aurora Reservoir,ARA,WAL,3000000,"0.2"""
19047,Avalanche Creek,PIT,CR1,5000,"1.5"""
64977,Avalanche Lake,PIT,CR1,850,1•
64989,Avery Lake,RBL,HXH,7852,"10"""
58354,Avery Pond,LAR,CCF,100,"8"""
88629,Avocet,ALA,HXH,2663,"2"""
88631,Axel2,ALA,HXH,500,"2"""
88637,Axel3,ALA,BGL,1500,"2"""
88637,Axel3,ALA,LMB,50,"1.5"""
88632,Axel4,ALA,HXH,1000,2•
88633,Axel5,ALA,HXH,1200,"2"""
88634,Axel6,ALA,HXH,1000,2•
88635,Axel7,ALA,HXH,300,"2"""
88641,Axel8,ALA,HXH,1200,"2"""
64991,Axial Basin Lake,MOF,RBT,3000,"10"""
65018,Bailey Lake,RBL,LXB,200,2•
88422,Bailey Reservoir,DEL,RBT,1000,10•
81682,Salman Reservoir,CUS,RBT,1000,2•
60006,Banner Lakes #2,WEL,BCR,2500,2•
60006,Banner Lakes #2,WEL,CCF,80,"8"""
60006,Banner Lakes #2,WEL,HGC,100,"4"""
60006,Banner Lakes #2,WEL,LMB,500,"1.5"""
59990,Banner Lakes #3,WEL,BCR,2500,"2"""
59990,Banner Lakes #3,WEL,CCF,120,"8"""
59990,Banner Lakes #3,WEL,HGC,160,"4"""
59990,Banner Lakes #3,WEL,LMB,1000,"1.5"""
59989,Banner Lakes #4,WEL,HGC,120,"4"""
60018,Banner Lakes #5,WEL,BCR,2500,"2"""
60018,Banner Lakes #5,WEL,CCF,180,"8"""
60018,Banner Lakes #5,WEL,HGC,120,"4"""
60018,Banner Lakes #5,WEL,LMB,1500,"1.5"""
60044,Banner Lakes #8,WEL,CCF,90,"8"""
60044,Banner Lakes #8,WEL,HGC,80,"4"""
10051,Bard Creek,CLE,GBN,2000,1•
53772,BARKER RES,BOU,HXH,35000,"3"""
53772,BARKER RES,BOU,LOC,17000,"3"""
53772,BARKER RES,BOU,LXB,5000,"3"""
53772,BARKER RES,BOU,RBT,7500,"10"""
53784,Bames Meadow Reservoir,LAR,GBN,16000,"1"""
53784,Bames Meadow Reservoir,LAR,HHN,16000,"5"""
52390,Barnum Pond,DEN,BCR,2159,"2"""
52390,Barnum Pond,DEN,CCF,365,"8"""
52390,Barnum Pond,DEN,LMB,400,"1.5"""
53796,Barr Lake,ADA,CCF,12486,"3"""
53796,Barr Lake,ADA,RBT,20000,"10"""
53796,Barr Lake,ADA,SXW,9000,"1.2"""
53796,Barr Lake,ADA,TGM,500,"7"""
53796,Barr Lake,ADA,WAL,2000000,"0.2"""
88458,Barron Reservoir,DEL,LOC,1800,"3"""
88458,Barron Reservoir,DEL,RBT,3000,"10"""
18515,Bass Pond,LAR,CCF,600,"8"""
18515,Bass Pond,LAR,HGC,200,"4"""
18515,Bass Pond,LAR,LMB,3500,"1.5"""
18515,Bass Pond,LAR,RSF,2500,"1.5"""
18515,Bass Pond,LAR,SGR,1000,"1.2"""
18515,Bass Pond,LAR,TGM,15,"7"""
65044,Battlement Reservoir #1,GAR,WXT,2000,"1"""
65068,Battlement Reservoir #3,GAR,WXT,2000,"1"""
71301,Battlement Reservoir #7,GAR,WXT,500,"1"""
10063,Bear Creek #1,DEN,LOC,5000,"3"""
10075,Bear Creek #2,JEF,HXG,4000,"5"""
57226,Bear Creek Pond #1,JEF,BGL,734,"2"""
57226,Bear Creek Pond #1,JEF,CCF,225,"8"""
57227,Bear Creek Pond #2,JEF,BGL,734,"2"""
57227,Bear Creek Pond #2,JEF,CCF,225,"8"""
57617,Bear Creek Reservoir,JEF,RBT,13000,"10"""
57617,Bear Creek Reservoir,JEF,SAG,12253,"1.2"""
65082,Bear Lake,GAR,JMP,3300,"10"""
65082,Bear Lake,GAR,RBT,10000,"4"""
80123,Bear Lake,HUE,RBT,4000,"10"""
80123,Bear Lake,HUE,RBT,2400,"10"""
53847,Bear Lake North,JAC,NAN,1950,"1"""
53859,Bear Lake South,JAC,NAN,4500,"1"""
53835,Bear Lake Upper,JAC,GBN,850,"1"""
21236,Bear River #3,GAR,CR1,3000,"2"""
53885,"Beartrack Lake, Middle",CLE,GBN,200,"1"""
53900,"Beartrack Lake, Upper",CLE,GBN,500,"1"""
88511,Beaver Creek Reservoir,RGR,KOK,20000,"2"""
88511,Beaver Creek Reservoir,RGR,LOC,10000,"3"""
88511,Beaver Creek Reservoir,RGR,RBT,13770,"10"""
88511,Beaver Creek Reservoir,RGR,RBT,5000,"10"""
88511,Beaver Creek Reservoir,RGR,RBT,6016,"10"""
38249,"Beaver Creek, South",GUN,CR1,3000,"2"""
65119,Beaver Lake,GUN,RBT,2500,"10"""
65121,Beaver Lake,MES,RBT,2855,"10"""
82026,Beckwith Reservoir,PUE,BCR,6000,"2"""
82026,Beckwith Reservoir,PUE,BGL,6000,"2"""
82026,Beckwith Reservoir,PUE,CCF,3000,"8"""
82026,Beckwith Reservoir,PUE,RBT,1000,"10"""
82026,Beckwith Reservoir,PUE,RBT,3000,"10"""
82026,Beckwith Reservoir,PUE,SAG,15000,"1.2"""
71681,Bel Aire Ponds,RBL,HXH,500,"10"""
53936,Bellaire Lake,LAR,RBT,12500,"10"""
55852,Ben Oelatour Pond,LAR,RBT,300,"10"""
65157,Bench Lake #1,PIT,CR1,100,"1"""
65169,Bench Lake #2,PIT,CR1,600,"1"""
52427,Berkeley Lake,DEN,BGL,3234,"2"""
52427,Berkeley Lake,DEN,CCF,3663,"8"""
52427,Berkeley Lake,DEN,LMB,1200,"1.5"""
52427,Berkeley Lake,DEN,RBT,7000,"10"""
70431,Berry Creek Pond,EAG,RBT,300,"10"""
71768,Berry Lake,RBL,CR1,400,"1"""
52439,Berthoud City Reservoir,LAR,BCR,4000,"2"""
52439,Berthoud City Reservoir,LAR,CCF,400,"8"""
52439,Berthoud City Reservoir,LAR,LMB,3500,"1.5"""
52439,Berthoud City Reservoir,LAR,RBT,1500,"10"""
52439,Berthoud City Reservoir,LAR,RSF,5338,"1.5"""
52439,Berthoud City Reservoir,LAR,TGM,15,"7"""
53950,Betty Lake,BOU,GBN,1200,"1"""
65210,Big Creek Lake,ROU,NAN,1500,"1.5"""
53974,Big Creek Lake Lower,JAC,RBT,60000,"5"""
53974,Big Creek Lake Lower,JAC,RBT,25926,"10"""
53974,Big Creek Lake Lower,JAC,TGM,900,"7"""
65222,Big Creek Reservoir #1,MES,CR1,20000,"2"""
65234,Big Fish Lake,GAR,CR1,2000,"1"""
54003,Big Hom Lake,JAC,NAN,2520,"1"""
54015,Big Hom Lake Upper,JAC,NAN,600,1•
65213,Big Lake,EAG,CR1,2000,"1"""
83259,Big Mac Pond,OTE,BCR,250,2•
83259,Big Mac Pond,OTE,BGL,200,"2"""
83259,Big Mac Pond,OTE,CCF,200,"8"""
83259,Big Mac Pond,OTE,LMB,200,"1.5"""
88597,Big Meadows Reservoir,MIN,RBT,25000,"10"""
69179,Big Pine Lake,EAG,CR1,500,1•
70187,Big Spruce Lake,EAG,CR1,3000,1•
58140,Big Thompson Pond #5,LAR,BCR,2000,2•
58140,Big Thompson Pond #5,LAR,CCF,350,"8"""
58140,Big Thompson Pond #5,LAR,LMB,2000,"1.5"""
58140,Big Thompson Pond #5,LAR,SGR,500,"1.2"""
58140,Big Thompson Pond #5,LAR,TGM,25,"7"""
73027,Bighorn Pond,EAG,HXH,200,"10"""
88600,Billy Creek Lake,OUR,RBT,1000,"10"""
57237,Birdland Lake,JEF,CCF,250,"8"""
57679,Bittersweet Lake,WEL,RBT,2750,"10"""
29212,Black Canyon Creek,PAR,BAC,12000,1•
81799,Black Hole At Two Buttes,BAC,BGL,250,"2"""
81799,Black Hole At Two Buttes,BAC,CCF,200,"8"""
81799,Black Hole At Two Buttes,BAC,LMB,250,"1.5"""
81799,Black Hole At Two Buttes,BAC,RBT,500,"10"""
81799,Black Hole At Two Buttes,BAC,RBT,500,"10"""
60208,Blackrock Lake,ARA,CCF,500,"8"""
60208,Blackrock Lake,ARA,RSF,1500,"1.5"""
89395,Blanca Vista Park Pond,ALA,CCF,500,"8"""
89395,Blanca Vista Park Pond,ALA,LMB,501,"1.5"""
89395,Blanca Vista Park Pond,ALA,RBT,1600,"10"""
88662,Blind Lake Upper,SAG,RGN,224,"1"""
65311,Blodgett Lake,EAG,CR1,1000,1•
54031,Blue Heron Lake,JEF,BGL,1234,"2"""
54031,Blue Heron Lake,JEF,CCF,425,"8"""
54031,Blue Heron Lake,JEF,SAG,1000,"1.2"""
72971,Blue Heron Pond Northeast,FRE,,,
65400,Borah Lake,EAG,CR1,100,"1"""
10625,Boston Peak Creek,LAR,BAC,10000,"1"""
54089,Boulder City Reservoir,BOU,BCR,10000,"2"""
54089,Boulder City Reservoir,BOU,CCF,4000,"3"""
54089,Boulder City Reservoir,BOU,HGC,750,"4"""
54089,Boulder City Reservoir,BOU,WAL,500000,"0.2"""
54089,Boulder City Reservoir,BOU,WAL,9000,"1.2"""
61262,Boulder County Fairgrounds,BOU,CCF,200,"8"""
11021,"Boulder Creek, Middle #2",BOU,KOK,50649,"2"""
60739,Boulder Kids Pond,BOU,RBT,2600,"10"""
65412,Boulder Lake,GAR,CR1,400,"1"""
65448,Boulder Lake #4,SUM,CRN,500,"2"""
65450,Boulder Lake #5,SUM,CR1,700,"2"""
52356,Boulder Ponds,BOU,LMB,500,"1.5"""
65474,Bowen Lake,GRA,CR1,600,"2"""
65498,Bowl Of Tears Lake,EAG,CR1,1000,"1"""
53518,Boxelder Lake #3,LAR,RBT,9000,"10"""
52491,Boyd Lake,LAR,BCR,12000,"2"""
52491,Boyd Lake,LAR,BGL,36608,"2"""
52491,Boyd Lake,LAR,CCF,9001,"3"""
52491,Boyd Lake,LAR,RBT,10000,"10"""
52491,Boyd Lake,LAR,RBT,4000,"10"""
52491,Boyd Lake,LAR,SAG,60939,"1.2"""
52491,Boyd Lake,LAR,TGM,600,"7"""
52491,Boyd Lake,LAR,WAL,2000000,"0.2"""
65513,Brady Lake #2,EAG,CR1,900,"1"""
72227,Breckenridge Reservoir,SUM,RBT,1000,"10"""
70441,Breeze Pond,GRA,RBT,1500,"10"""
54104,Brent Lake,LAR,GBN,600,"1"""
54107,Brighton City Park Lake,ADA,CCF,325,"8"""
54107,Brighton City Park Lake,ADA,LMB,500,"1.5"""
54107,Brighton City Park Lake,ADA,RBT,2000,"10"""
26385,Brittle Silver Basin Ponds,GUN,BOR,5000,"1"""
61926,Brook Pond,TEL,NAN,250,"1"""
71782,Brooklyn Gulch Lake Lower,PIT,CR1,100,"1"""
65525,Brooklyn Gulch Lake Upper,PIT,CR1,200,"1"""
88799,Brown Lake Lower,HIN,HXH,8000,"4"""
88802,Brown Lake Upper,HIN,BRK,8000,"3"""
88802,Brown Lake Upper,HIN,HXH,16500,"3"""
32893,Browns Creek #2,CHA,BOR,2500,"1"""
79409,Brush Hollow Reservoir,FRE,BGL,7800,"2"""
79409,Brush Hollow Reservoir,FRE,CCF,9128,"8"""
79409,Brush Hollow Reservoir,FRE,LMB,1803,"1.5"""
79409,Brush Hollow Reservoir,FRE,RBT,12000,"10"""
79409,Brush Hollow Reservoir,FRE,RBT,6000,"10"""
79409,Brush Hollow Reservoir,FRE,WAL,38510,"1.2"""
88814,Buckeye Reservoir,MON,RBT,1000,"10"""
88826,Buckhorn Lake Big,MON,RBT,1500,"10"""
88838,Buckhorn Lake Little,MON,BRK,1000,"2"""
81492,Buena Vista Kids Pond,CHA,RBT,1300,"10"""
65602,Buffalo Lake,EAG,CR1,200,"1"""
65611,Bull Basin Reservoir #1,MES,CR1,3500,"1"""
65614,Bull Creek Reservoir #1,MES,CR1,1800,"1"""
65626,Bull Creek Reservoir #2,MES,CR1,1600,"1"""
65629,Bull Creek Reservoir #3,MES,CR1,3000,"1"""
54142,Bundy Lake,JAC,GBN,200,"1"""
25975,Burgess Creek,ROU,WXT,3000,"3"""
88876,Butts Lake,DEL,GRA,1000,"2"""
54178,Byron Lake,CLE,GBN,300,"1"""
64395,Cabin Pond,GUN,BOR,3000,"1"""
65676,Camp Hale Pond,EAG,RBT,500,"10"""
81505,Canon City Kids Pond,FRE,RBT,350,"10"""
65688,Capitol Lake,PIT,CR1,1000,"1"""
54217,Carey Lake,LAR,GBN,1100,"1"""
54229,Carey Lake Lower,LAR,GBN,500,"1"""
54231,Carey Lake Upper,LAR,GBN,400,"1"""
54243,Caroline Lake,CLE,GBN,850,"1"""
65703,Carson Lake,MES,BRK,1500,"3"""
54255,Carter Reservoir,LAR,RBT,100000,"4"""
54255,Carter Reservoir,LAR,RBT,20000,"10"""
65723,Casey Pond,ROU,RBT,2000,"10"""
88903,CasUe Lake Lower,GUN,GOL,400,"1"""
65721,Catamount Lake,ROU,HXH,11000,"12"""
81707,Catamount Reservoir North,TEL,GRA,3000,"1"""
81707,Catamount Reservoir North,TEL,LOC,5000,"5"""
81707,Catamount Reservoir North,TEL,LXB,7000,"3"""
81707,Catamount Reservoir North,TEL,SPL,5000,"3"""
65753,Cathedral Lake,PIT,CR1,1700,"1"""
65777,"Causeway Lake, Little",GAR,NAN,1000,"1.5"""
52925,Centennial Lake,WEL,BCR,2000,"2"""
52925,Centennial Lake,WEL,BGL,1800,"2"""
52925,Centennial Lake,WEL,CCF,1000,"3"""
52925,Centennial Lake,WEL,RBT,4500,"10"""
57100,Centennial Park Lake,ARA,CCF,1000,"8"""
57100,Centennial Park Lake,ARA,RBT,9000,"10"""
57100,Centennial Park Lake,ARA,SAG,2000,"1.2"""
91342,Cerro Summit Reservoir,MON,LXB,300,"5"""
81909,Chalk Creek Lake,CHA,RBT,4900,"10"""
54281,Chambers Lake,LAR,KOK,25637,"2"""
54281,Chambers Lake,LAR,RBT,18000,"10"""
65789,Chapman Dam,PIT,HXH,2000,"10"""
88991,Chipeta Lake,MON,LMB,3000,"1.5"""
88991,Chipeta Lake,MON,RBT,6000,"10"""
24527,Chipeta Park Pond,BOU,RBT,300,"10"""
68444,Circle Park Pond,RBL,HXH,500,"10"""
57946,City Park Lake,DEN,BGL,1734,"2"""
57946,City Park Lake,DEN,CCF,1375,"8"""
57946,City Park Lake,DEN,LMB,1000,"1.5"""
57946,City Park Lake,DEN,RBT,2000,"10"""
52822,Civic Center Park Lake,ADA,BGL,1234,"2"""
52822,Civic Center Park Lake,ADA,CCF,425,"8"""
81529,Clay Creek Pond,PRO,BGL,400,"2"""
81529,Clay Creek Pond,PRO,CCF,200,"8"""
81529,Clay Creek Pond,PRO,LMB,250,"1.5"""
81529,Clay Creek Pond,PRO,RBT,500,"10"""
81529,Clay Creek Pond,PRO,RBT,500,"10"""
54382,Clayton Lake,GIL,GBN,760,"1"""
10532,Clear Creek #1,CLE,HXG,10000,"5"""
14768,Clear Creek #4B,JEF,HXG,10000,"5"""
81719,Clear Creek Reservoir,CHA,LOC,22000,"3"""
81719,Clear Creek Reservoir,CHA,LOC,5000,"5"""
81719,Clear Creek Reservoir,CHA,LXB,60000,"3"""
81719,Clear Creek Reservoir,CHA,RBT,29250,"10"""
81719,Clear Creek Reservoir,CHA,TGM,4000,"7"""
45838,"Clear Creek, North #2",HIN,HXG,5000,"3"""
45864,"Clear Creek, South #1",HIN,HXG,2000,"3"""
54394,Clear Lake,JAC,GBN,375,"1"""
54394,Clear Lake,JAC,GOL,375,"1"""
54407,Clear Lake,CLE,HXH,5900,"10"""
88535,Clear Lake #2 - Beefpasture,GUN,LXB,500,"2"""
60418,Clearwater Pond - Belly Boat,BOU,CCF,80,"8"""
60418,Clearwater Pond - Belly Boat,BOU,RBT,500,"10"""
60418,Clearwater Pond - Belly Boat,BOU,TGM,15,"7"""
65866,Cleveland Lake,EAG,CR1,1300,"1"""
54419,cliff Lake,JAC,GBN,200,1•
54419,Cliff Lake,JAC,LXB,200,"3"""
88890,Cobbett Lake,DEL,RBT,6000,"10"""
39188,Cochetopa Creek #1,GUN,RBT,2100,"10"""
65929,Coffin Lake,GAR,CR1,600,"2"""
84115,Cogswell Pond #1,RBL,NAN,300,"1"""
65931,Colby Horse Park Reservoir,MES,CR1,5000,"1"""
73469,Cold Springs Pond,GAR,RBT,200,"10"""
24733,Colorado River #11,GRA,HXH,100000,"1"""
19617,Colorado River #2,MES,BYT,2500,"10"""
19629,Colorado River #3,GAR,HHN,60000,"3"""
19629,Colorado River #3,GAR,SRN,10000,"6"""
21286,Colorado River #8,GRA,HXG,150000,"1"""
21298,Colorado River #9,GRA,HXG,150000,"1"""
80307,Columbia Reservoir,PAR,HXG,1000,"10"""
65943,Columbine Lake,GRA,CR1,1000,"1"""
94348,Columbine Ponds,MON,RBT,6000,"10"""
54433,Comanche Lake,LAR,GBN,1300,1•
54448,Community College Pond,ADA,CCF,325,"8"""
54469,Cone Lake,CLE,GBN,300,"1"""
39241,Conejos River #2,CON,GRR,18000,"2"""
39253,Conejos River #3,CON,GRR,15000,"2"""
39277,Conejos River. Adams Fork,CON,RGN,1500,"1"""
39291,Conejos River. Middle Fork,CON,RGN,1500,"1"""
48416,"Conejos River, North Fork",CON,RGN,1500,"1"""
54483,Coney Lake Upper,BOU,GBN,1720,"1"""
97736,Confluence Lake,DEL,RBT,4000,"10"""
97736,Confluence Lake,DEL,RBT,4000,"12"""
65955,Constantine Lake,EAG,CR1,1300,"1"""
89107,Continental Reservoir,HIN,RXN,40000,"4"""
89107,Continental Reservoir,HIN,SPL,8000,"4"""
80337,Cooney Lake,PAR,NAN,500,"1"""
61022,Coot Lake,BOU,HGC,25,"4"""
72138,Copper Mountain Ponds,SUM,RBT,1200,"10"""
72215,Com Lake,MES,BCR,7000,"2"""
72215,Com Lake,MES,BGL,11000,"2"""
72215,Com Lake,MES,LMB,30000,"0.2"""
72215,Com Lake,MES,RBT,27435,"10"""
65967,Corona Lake,GRA,CR1,1200,"1"""
39342,Cotton Creek,SAG,RGS,1000,"5"""
89183,Cotton Lake,SAG,RGN,640,"1"""
81733,Cottonwood Lake,CHA,RBT,12000,"10"""
81733,Cottonwood Lake,CHA,TGM,450,"7"""
89195,Cottonwood Lake,SAG,RGN,300,1•
65981,Cottonwood Lake #1,MES,LXB,2000,"3"""
65981,Cottonwood Lake #1,MES,RBT,5675,"10"""
65981,Cottonwood Lake #1,MES,SPL,3000,"3"""
65993,Cottonwood Lake #2,MES,HHN,1000,"4"""
66008,Cottonwood Lake #4,MES,CR1,9000,2•
66008,Cottonwood Lake #4,MES,LXB,1200,"3"""
66008,Cottonwood Lake #4,MES,RBT,3965,10•
66010,Cottonwood Lake #5,MES,CR1,5000,"2"""
66010,Cottonwood Lake #5,MES,LOC,4240,"3"""
94033,Cottonwood Lake South,SAG,RGN,118,"1"""
57958,Cottonwood Park Lake,JEF,BGL,734,"2"""
57958,Cottonwood Park Lake,JEF,CCF,450,"8"""
57958,Cottonwood Park Lake,JEF,RSF,1500,"1.5"""
66013,Coulter Lake,GAR,RBT,230,"10"""
54508,Cowdrey Lake,JAC,BRK,8000,"2"""
54508,Cowdrey Lake,JAC,RBT,25000,"5"""
54508,Cowdrey Lake,JAC,RBT,13300,"10"""
66022,Craig City Ponds,MOF,RBT,2350,"10"""
66135,Crystal Lake Upper #2,SUM,CR1,300,"1"""
81757,Crystal Lakes,LAK,LXB,700,"3"""
81757,Crystal Lakes,LAK,RBM,3200,"10"""
94146,Crystal Reservoir,MON,GRR,30000,"2"""
19871,Crystal River #2,PIT,HXG,10000,"5"""
19871,Crystal River #2,PIT,HXG,2500,"10"""
29581,Cucharas River #1,PUE,SMM,10000,"1"""
39493,"Culebra Creek, North Fork",COS,RGH,5000,"1"""
82393,Daigre Reservoir,HUE,BGL,500,"2"""
82393,Daigre Reservoir,HUE,LMB,1000,"1.5"""
82393,Daigre Reservoir,HUE,RBT,1800,"10"""
82393,Daigre Reservoir,HUE,RBT,3000,"10"""
82393,Daigre Reservoir,HUE,TGM,200,"7"""
61294,Dakota Pond,JEF,LMB,50,"1.5"""
89373,Davies Reservoir Big,DEL,BRK,500,"1"""
89373,Davies Reservoir Big,DEL,LXB,300,"1"""
89385,Davies Reservoir Little,DEL,BRK,500,"1"""
89385,Davies Reservoir Little,DEL,LXB,300,"1"""
93039,Davis Pond #1,JEF,RBT,4000,"10"""
52961,Davis Pond #2,JEF,RBT,150,"10"""
52961,Davis Pond #2,JEF,RBT,4000,"10"""
73267,De Camp Reservoir,MES,BRK,500,"5"""
66161,Deadman Lake,PIT,CR1,100,"1"""
66173,Deadman Lake,GRA,CR1,350,"1"""
19922,Deep Creek,EAG,CR1,5000,"1.5"""
54560,Deep Lake,JAC,GBN,100,"1"""
54572,Deep Lake,BOU,GBN,1000,"1"""
66200,Deep Lake,GAR,RBT,3000,"10"""
54584,Deer Lake,JAC,NAN,300,"1"""
66212,Deer Lake,GAR,CR1,250,"1"""
97609,Deer Lake #2,HIN,RBT,800,"10"""
97623,Deer Lake #3,HIN,RBT,400,"10"""
97611,Deer Lake #4,HIN,RBT,800,"10"""
54596,Delaney Butte East,JAC,LOC,7500,"3"""
54596,Delaney Butte East,JAC,RBT,20000,"5"""
54609,Delaney Butte North,JAC,LOC,36797,"3"""
54609,Delaney Butte North,JAC,LOC,3203,"3"""
54609,Delaney Butte North,JAC,RBT,6000,"5"""
54611,Delaney Butte South,JAC,LOC,5000,"3"""
54611,Delaney Butte South,JAC,RBT,15000,"5"""
54611,Delaney Butte South,JAC,SRN,15000,"5"""
66224,Deluge Lake,EAG,CR1,250,"1"""
89525,Denny Lake,MTZ,BGL,4000,"2"""
89525,Denny Lake,MTZ,LMB,500,"1.5"""
54615,DePoorter Lake,SED,CCF,2000,"8"""
54615,DePoorter Lake,SED,HGC,300,"4"""
54615,DePoorter Lake,SED,LMB,3000,"1.5"""
54623,Devils Thumb Lake,BOU,GBN,2090,"1"""
81769,Deweese Reservoir,CUS,RBT,12500,"10"""
81769,Deweese Reservoir,CUS,RBT,12500,"10"""
81769,Deweese Reservoir,CUS,TGM,1500,"7"""
54647,Diamond Lake Upper,BOU,GBN,1000,"1"""
66248,Diana Lake,ROU,NAN,1500,"1"""
66250,Diemer Lake,PIT,CR1,1500,"1"""
66274,Dillon Reservoir,SUM,HHN,10000,"8"""
66274,Dillon Reservoir,SUM,HHN,10000,"10"""
66274,Dillon Reservoir,SUM,RBT,300000,"3"""
66274,Dillon Reservoir,SUM,RBT,31870,"10"""
66262,Dillon Reservoir (Old),SUM,CR1,2000,"3"""
66286,Dines Lake,GAR,CR1,600,"1"""
66298,Dinkle Lake,PIT,RBT,1000,"10"""
54659,Disappointment Lake,JAC,GBN,200,"1"""
57275,Dixon Reservoir,LAR,BCR,2500,"2"""
57275,Dixon Reservoir,LAR,CCF,2000,"8"""
57275,Dixon Reservoir,LAR,LMB,3000,"1.5"""
57275,Dixon Reservoir,LAR,RSF,3500,"1.5"""
20232,Dolan Gulch,GAR,HOF,30,"10"""
48167,Dolores River #3A,SNM,BHS,5000,"8"""
48167,Dolores River #3A,SNM,FMS,5000,"8"""
48179,Dolores River #3B,DOL,RBT,800,"10"""
39796,Dolores River #4,MTZ,KOK,200000,"2"""
39796,Dolores River #4,MTZ,LOC,13634,"3"""
39796,Dolores River #4,MTZ,RBT,1500,"10"""
47072,Dolores River #5,MTZ,RBT,600,"10"""
39809,"Dolores River, West Fork",MTZ,GRR,15000,"2"""
39809,"Dolores River, West Fork",MTZ,RBT,500,"10"""
66325,Dome Lake,ROU,GOL,1500,"1"""
89640,Dome Lake Upper,SAG,LXB,2500,"3"""
89640,Dome Lake Upper,SAG,RBT,8000,"10"""
54661,Dorothy Lake,BOU,GBN,2800,"1"""
52517,Doty Park Pond,MOR,CCF,3000,"8"""
52517,Doty Park Pond,MOR,HGC,100,"4"""
52517,Doty Park Pond,MOR,LMB,4500,"1.5"""
52517,Doty Park Pond,MOR,RSF,5000,"1.5"""
89688,Doughty Reservoir,DEL,BRK,500,"2"""
58695,Douglass Reservoir,LAR,CCF,10000,"3"""
58695,Douglass Reservoir,LAR,LMB,375070,"0.2"""
58695,Douglass Reservoir,LAR,LMB,9372,"1.5"""
58695,Douglass Reservoir,LAR,RBT,15000,"10"""
58695,Douglass Reservoir,LAR,SGR,25000,"1.2"""
58695,Douglass Reservoir,LAR,SXW,5000,"1.2"""
54673,Dowdy Lake,LAR,CBF,167,"15"""
54673,Dowdy Lake,LAR,LOC,7000,"3"""
54673,Dowdy Lake,LAR,RBT,10000,"5"""
54673,Dowdy Lake,LAR,RBT,15000,"10"""
53106,Dragon Fly Pond,ELB,RBT,200,"10"""
50822,Dragonfly Pond,TEL,RBT,100,"10"""
50822,Dragonfly Pond,TEL,RBT,100,"10"""
54181,Dragonfly Pond,LAR,BCR,2000,"2"""
54181,Dragonfly Pond,LAR,CCF,500,"8"""
54181,Dragonfly Pond,LAR,LMB,1500,"1.5"""
54181,Dragonfly Pond,LAR,RBT,4800,"10"""
54181,Dragonfly Pond,LAR,SGR,1500,"1.2"""
60414,Dragonfly Pond - Belly Boat,BOU,LMB,1200,"1.5"""
60414,Dragonfly Pond - Belly Boat,BOU,RBT,250,"10"""
67251,Dry Creek Pond,ROU,JMP,600,"10"""
10811,Duck Creek,PAR,BAC,5000,"1"""
58380,Dudes Hole Lake,GIL,LOC,500,"3"""
66349,Dumont Lake,GRA,RBT,3000,"10"""
66351,Dunkley And Dubeau,ROU,CR1,1500,"3"""
43592,Eagle Ranch Children's,EAG,RBT,800,"10"""
20026,Eagle River #1,EAG,HHN,5000,"3"""
20026,Eagle River #1,EAG,HXG,5000,"3"""
69307,Eaglesmere Lake #4,SUM,CR1,400,"1"""
60210,"Eaglewatch Lake 44,692",ARA,RBT,6000,"10"""
39913,East River #1,GUN,KOK,3100000,"2"""
39915,East River #2,GUN,RBT,1000,"10"""
89765,Echo Canyon Reservoir,ARC,CCF,1024,"8"""
89765,"Echo Canyon Reservoir 118,43",ARC,RBT,16000,"10"""
32095,Echo Creek,LAK,HCC,2000,"1.5"""
54712,"Echo Lake 22,731",CLE,HXH,5000,"10"""
66402,Edge Lake,GAR,CR1,900,"1"""
66414,Edward Lake,ROU,NAN,1500,"1.5"""
89777,Eggleston Lake Big,DEL,LOC,2000,"3"""
89777,Eggleston Lake Big,DEL,RBT,4000,"10"""
89777,Eggleston Lake Big,DEL,SPL,3000,"3"""
89777,Eggleston Lake Big,DEL,SRN,1500,"5"""
89789,Eggleston Lake Little,DEL,BRK,500,"2"""
52924,Ehrlich Lake,WEL,BCR,3000,"2"""
52924,Ehrlich Lake,WEL,CCF,1500,"3"""
52924,Ehrlich Lake,WEL,RBT,2000,"10"""
55409,Eileen Lake,JAC,NAN,300,"1"""
81771,Eleven Mile Reservoir,PAR,HHN,130000,"10"""
81771,Eleven Mile Reservoir,PAR,KOK,456680,"2"""
39936,Elk Creek,CON,RGN,6000,"1"""
20127,"Elk Creek, East",GAR,CR1,3000,"2"""
20127,"Elk Creek, East",GAR,RBT,1665,"10"""
39974,"Elk Creek, West",GUN,CR1,4000,"1"""
20165,Elk River#1,ROU,HXG,5000,"5"""
20177,Elk River#2,ROU,CR1,5000,"5"""
20189,"Elk River, North Fork #1",ROU,CR1,5000,"5"""
66438,Elkhead Reservoir,MOF,BGL,66896,"2"""
66438,Elkhead Reservoir,MOF,LMB,89632,"0.2"""
66438,Elkhead Reservoir,MOF,LMB,54744,"1.5"""
66438,Elkhead Reservoir,MOF,TGM,3000,"7"""
66438,Elkhead Reservoir,MOF,TGM,300,"24"""
80402,Emerald Lake,LAK,RBM,2000,"10"""
54762,Emmaline Lake,LAR,GBN,900,"1"""
72758,Enochs Lake,MES,RBT,2263,"10"""
52693,Erie Lake,BOU,CCF,500,"8"""
52693,Erie Lake,BOU,LMB,2500,"1.5"""
52693,Erie Lake,BOU,RBT,1000,"10"""
54801,Estes Lake,LAR,HHN,30000,"3"""
54801,Estes Lake,LAR,LXB,5000,"3"""
54801,Estes Lake,LAR,RBT,43800,"10"""
54801,Estes Lake,LAR,SPL,4000,"3"""
54801,Estes Lake,LAR,TGM,180,"7"""
54813,Ethel Lake,CLE,GBN,500,1•
66539,Evelyn Lake,GRA,CR1,300,"1"""
54825,Evergreen Reservoir,JEF,HXH,20567,"10"""
54825,Evergreen Reservoir,JEF,TGM,50,"7"""
81531,Fairplay Kids Pond,PAR,HHN,10000,"10"""
43117,Fall Creek#2,SNM,KCN,60,"5"""
57061,Fall River Reservoir,CLE,GBN,2500,"1"""
66553,Fancy Lake,EAG,CR1,800,"1"""
60272,Faversham Park Pond,JEF,BGL,984,"2"""
60272,Faversham Park Pond,JEF,CCF,200,"8"""
60272,Faversham Park Pond,JEF,LMB,400,"1.5"""
71926,Fetcher City Pond,ROU,RBT,2200,"10"""
66577,Finney Cut Lake #1,MES,CR1,1100,"1"""
66589,Finney Cut Lake #2,MES,CR1,1200,"1"""
20292,Fish Creek #1,ROU,HXG,5000,"2"""
54849,Flat Lake,JAC,GBN,300,"1"""
54851,Flatiron Reservoir,LAR,RBT,16800,"10"""
54851,Flatiron Reservoir,LAR,TGM,800,"7"""
60328,Flyin' B Pond,DOU,BGL,734,"2"""
60328,Flyln' B Pond,DOU,CCF,225,"8"""
60328,Flyln' B Pond,DOU,LMB,100,"1.5"""
82571,Fooses Lake Lower,CHA,RBT,3000,"10"""
61060,Forgotten Valley Pond,JEF,LOC,1000,"3"""
55368,Fort Carson Quarry Pond,PUE,SRD,3000,"1"""
79338,Fort Morgan Pond East,MOR,CCF,2000,"8"""
79338,Fort Morgan Pond East,MOR,HGC,200,"4"""
79338,Fort Morgan Pond East,MOR,LMB,500,"1.5"""
66785,Fort Morgan Pond West,MOR,CCF,1000,"8"""
66785,Fort Morgan Pond West,MOR,LMB,600,"1.5"""
66666,Forty Acre Lake,MES,LXB,700,"3"""
79447,Fountain Lake,PUE,BCR,2000,"2"""
79447,Fountain Lake,PUE,BGL,1500,"2"""
79447,Fountain Lake,PUE,CCF,1250,"8"""
79447,Fountain Lake,PUE,RBT,4000,"10"""
79447,Fountain Lake,PUE,RBT,6000,"10"""
29769,Founnile Creek #1,CHA,RBT,200,"10"""
58175,Frank Easement Pond #1,WEL,SAG,4000,"1.2"""
58175,Frank Easement Pond #1,WEL,WAL,100000,"0.2"""
79853,Frantz Lake,CHA,RBT,9000,"10"""
73914,Fraser Lions Club Pond,GRA,RBT,1000,"10"""
20511,Fraser Pond #2,GRA,RXN,1000,"3"""
20355,Fraser River #2,GRA,HXG,50000,"3"""
20367,Fraser River #3,GRA,CR1,10000,"3"""
66705,Freeman Reservoir,MOF,CR1,2500,"3"""
29783,French Creek,PAR,NAN,600,1•
79430,Fritzler Pond,BAC,BGL,250,"2"""
79430,Fritzler Pond,BAC,CCF,100,"8"""
79430,Fritzler Pond,BAC,LMB,200,"1.5"""
54902,Frozen Lake,CLE,NAN,500,"1"""
65887,Fruita Red Rocks Lake,MES,RBT,5470,"10"""
66717,Fruita Reservoir #1,MES,CR1,2000,"3"""
66717,Fruita Reservoir #1,MES,RBT,2240,"10"""
66731,Fruita Reservoir #3,MES,RBT,1390,"10"""
20393,Fryingpan River #1,EAG,HXG,28000,"3"""
72102,Fulford Cave Lake,EAG,CR1,300,"2"""
88623,Gadwall,ALA,HXH,575,"2"""
20981,Garfield Creek,GAR,NAN,1000,"1"""
52794,Garfield Lake,DEN,BCR,1360,"2"""
52794,Garfield Lake,DEN,CCF,375,"8"""
53140,Garland Pk Lake,DEN,BGL,734,"2"""
53140,Garland Pk Lake,DEN,CCF,325,"8"""
53140,Garland Pk Lake,DEN,LMB,400,"1.5"""
94334,Gateway Reservoir,LAR,BCR,1000,"2"""
57288,Geer Pond,TEL,BRK,300,"1"""
58291,Geneva Lake,ARA,CCF,225,"8"""
96460,George's Lake,ARC,SJN,5000,"2"""
56970,Georgetown Lake,CLE,HXH,25564,"10"""
54952,Gibson Lake,PAR,NAN,300,"1"""
66868,Glacier Springs Rel Pond,MES,RBT,1665,"10"""
52833,Glenmere Lake,WEL,RBT,2500,"10"""
66884,Gold Dust Lake A,EAG,CR1,200,"1"""
66892,Gold Dust Lake E,EAG,CR1,200,"1"""
66896,Gold Dust Lake F,EAG,CR1,300,"1"""
57899,Golden Gravel Pond #1,BOU,CCF,260,"8"""
57899,Golden Gravel Pond #1,BOU,LMB,1600,"1.5"""
57902,Golden Gravel Pond #2,BOU,BCR,1200,"2"""
57902,Golden Gravel Pond #2,BOU,CCF,300,"8"""
57902,Golden Gravel Pond #2,BOU,LMB,2400,"1.5"""
57914,Golden Gravel Pond #3,BOU,BCR,2500,"2"""
57914,Golden Gravel Pond #3,BOU,CCF,450,"8"""
57914,Golden Gravel Pond #3,BOU,RBT,4800,"10"""
57914,Golden Gravel Pond #3,BOU,SXW,2500,"1.2"""
61349,Golden Meadows Pond,LAR,BGL,500,"2"""
72403,Goose Creek Ponds,RGR,BOR,3000,"1"""
66933,Gore Lake #1,EAG,CR1,250,"1"""
66957,Gourd Lake,GRA,CR1,2000,"1"""
72582,Granby City Pond,GRA,RBT,1000,"10"""
66969,Granby Reservoir,GRA,KOK,911776,"2"""
66969,Granby Reservoir,GRA,RBT,94046,"10"""
90162,"Granby Reservoir #4, 5, 10 &",DEL,LOC,2000,"3"""
28297,Granby Town Pond #1,GRA,RBT,1000,"10"""
66971,Grand Lake,GRA,HHN,5000,"10"""
66971,Grand Lake,GRA,RBT,10000,"10"""
52826,Grandview Pond #2,ADA,BGL,534,"2"""
52826,Grandview Pond #2,ADA,CCF,225,"8"""
52826,Grandview Pond #2,ADA,LMB,175,"1.5"""
66983,Granite Lake Lower,PIT,CR1,800,"1"""
66995,Granite Lake Upper,PIT,CR1,300,"1"""
29901,Grape Creek #1A,FRE,HXG,5000,"2"""
29904,Grape Creek #1 B,FRE,HXG,5000,"2"""
29907,Grape Creek #1 C,FRE,,,
80515,Hagerman Lake,LAK,GOL,1000,"1.5"""
67151,Hahns Peak Lake,ROU,JMP,6000,"10"""
67151,Hahns Peak Lake,ROU,RBT,2500,"5"""
80524,Hale Pond #1,YUM,BGL,750,"2"""
80524,Hale Pond #1,YUM,CCF,350,"8"""
80524,Hale Pond #1,YUM,LMB,225,"1.5"""
80524,Hale Pond #1,YUM,RBT,175,"10"""
80524,Hale Pond #1,YUM,RBT,150,"10"""
94263,Hale Pond #2,YUM,BGL,1500,"2"""
94263,Hale Pond #2,YUM,CCF,775,"8"""
94263,Hale Pond #2,YUM,LMB,525,"1.5"""
94263,Hale Pond #2,YUM,RBT,450,"10"""
94263,Hale Pond #2,YUM,RBT,450,"10"""
81347,Hale Pond #3,YUM,BGL,1500,"2"""
81347,Hale Pond #3,YUM,CCF,700,"8"""
81347,Hale Pond #3,YUM,LMB,450,"1.5"""
81347,Hale Pond #3,YUM,RBT,400,"10"""
81347,Hale Pond #3,YUM,RBT,375,"10"""
80527,Hancock Lake Lower,CHA,GOL,1000,"1.5"""
55081,Hang Lake,LAR,GBN,400,"1"""
29985,Hardscrabble Creek. South,CUS,HCC,3000,"1.5"""
29985,"Hardscrabble Creek, South",CUS,LOC,500,"3"""
67199,Hardscrabble Lake,PIT,CR1,200,"1"""
60537,Harper Lake,BOU,CCF,950,"8"""
60537,Harper Lake,BOU,RBT,3000,"10"""
52869,Harriman Lake,JEF,BGL,2234,"2"""
52869,Harriman Lake,JEF,CCF,750,"8"""
52869,Harriman Lake,JEF,LMB,2000,"1.5"""
52869,Harriman Lake,JEF,RSF,2000,"1.5"""
20583,Harrison Creek,ROU,HXH,2000,"4"""
67226,Harvey Gap Reservoir,GAR,BCR,14000,"2"""
67226,Harvey Gap Reservoir,GAR,BGL,13000,"2"""
67226,Harvey Gap Reservoir,GAR,CCF,3800,"3"""
67226,Harvey Gap Reservoir,GAR,LMB,61800,"0.2"""
67226,Harvey Gap Reservoir,GAR,LMB,6000,"1.5"""
67226,Harvey Gap Reservoir,GAR,RBT,15225,"10"""
67226,Harvey Gap Reservoir,GAR,TGM,350,"24"""
52883,Harvey Lake,DEN,CCF,425,"8"""
67238,Harvey Lake,EAG,CR1,1000,"1"""
79461,Hasty Lake,BEN,BGL,750,"2"""
79461,Hasty Lake,BEN,CCF,1000,"8"""
79461,Hasty Lake,BEN,LMB,2000,"1.5"""
79461,Hasty Lake,BEN,RBT,6000,"10"""
79461,Hasty Lake,BEN,SAG,2500,"1.2"""
79461,Hasty Lake,BEN,SXW,500,"1.2"""
90364,Haviland Lake,LAP,BRK,5000,"3"""
90364,Haviland Lake,LAP,RBT,14322,"10"""
52886,Haxtun Gun Club Lake,PHI,BGL,1000,"2"""
52886,Haxtun Gun Club Lake,PHI,CCF,1400,"8"""
52886,Haxtun Gun Club Lake,PHI,LMB,2000,"1.5"""
30007,Hayden Gulch,LAK,HCC,2000,"1.5"""
79774,Hayden Meadows Reservoir,LAK,LOC,2360,"3"""
79774,Hayden Meadows Reservoir,LAK,RBM,4500,"10"""
71910,Haypress Lake,GAR,CR1,1500,"1"""
90388,Haypress Lake,MIN,HGC,500,"4"""
90388,Haypress Lake,MIN,RGH,7000,"1"""
55106,Heart Lake,GIL,GBN,3020,"1"""
67264,Heart Lake,PIT,CR1,100,"1"""
67288,Heart Lake,GAR,LXB,40000,"2"""
90427,Henderson Lake,LAP,RBT,300,"10"""
79473,Henry Lake,CRO,BCF,10000,"3"""
79473,Henry Lake,CRO,BCR,25000,"2"""
79473,Henry Lake,CRO,BGL,10000,"2"""
79473,Henry Lake,CRO,CCF,25000,"3"""
79473,Henry Lake,CRO,LMB,110000,"0.2"""
79473,Henry Lake,CRO,LMB,5000,"1.5"""
79473,Henry Lake,CRO,SAG,1000000,"0.2"""
79473,Henry Lake,CRO,SXW,200000,"0.2"""
47628,Hennosa Creek. East Fork,LAP,WXT,500,"3"""
52915,Heron Lake - Pella Crossing,BOU,CCF,140,"8"""
55120,Hidden Lake,JAC,RBT,1500,"3"""
67303,Hidden Lake,PIT,CR1,400,1•
94196,"Hidden lake, Llttle",HIN,CR1,300,"1"""
79788,High Creek Pond,PAR,NAN,500,"1"""
58532,Highland Lake,WEL,BCR,6000,"2"""
58532,Highland Lake,WEL,CCF,2965,"3"""
58532,Highland Lake,WEL,LMB,8000,"1.5"""
58532,Highland lake,WEL,RBT,4500,"10"""
61298,Hine Lake,JEF,BGL,2234,"2"""
61298,Hine Lake,JEF,RBT,3500,"10"""
61298,Hine Lake,JEF,SAG,1400,"1.2"""
55156,"Hohnholz Lake #1, East",LAR,RXN,500,"10"""
55144,"Hohnholz Lake #2, Little",LAR,RBT,10000,"10"""
55144,"Hohnholz Lake #2, Little",LAR,SRN,10000,"5"""
55132,"Hohnholz Lake #3, Big",LAR,LOC,6000,"3"""
55132,"Hohnholz Lake #3, Big",LAR,LXB,3000,"3"""
55132,"Hohnholz Lake #3, Big",LAR,SRN,3000,"5"""
79497,Holly Seep Ditch,PRO,BGL,500,"2"""
79497,Holly Seep Ditch,PRO,CCF,500,"8"""
79497,Holly Seep Ditch,PRO,LMB,500,"1.5"""
61440,Holyoke City lake,PHI,CCF,2800,"8"""
61440,Holyoke City Lake,PHI,LMB,6400,"1.5"""
90528,Home Lake,RGR,BGL,17500,"2"""
90528,Home Lake,RGR,CCF,8000,"8"""
90528,Home Lake,RGR,LMB,570,"1.5"""
90528,Home Lake,RGR,RBT,7500,"10"""
20622,Homestake Creek #1,EAG,CR1,1000,"1.5"""
67353,Homestake Lake Upper,PIT,CR1,2000,"1"""
67365,Homestake Reservoir,EAG,CR1,10500,"2"""
82807,Homestead Ranch Park,ELP,CCF,200,"8"""
82807,Homestead Ranch Park,ELP,RBT,150,"10"""
82807,Homestead Ranch Park,ELP,RBT,150,"10"""
88642,Honker,ALA,HXH,500,"2"""
88643,Honker,ALA,BGL,3000,"2"""
88643,Honker,ALA,LMB,300,"1.5"""
88644,Honker,ALA,HXH,1650,"2"""
88646,Honker,ALA,BGL,2500,"2"""
88646,Honker,ALA,LMB,300,"1.5"""
88645,Honker 7L,ALA,BGL,3200,"2"""
88645,Honker 7L,ALA,LMB,500,"1.5"""
67377,Hooper Lake #1,GAR,CR1,4000,"1"""
30052,Horse Creek #2A,ELB,ARD,3000,"1"""
67391,Horseshoe Lake,GRA,CR1,500,"1"""
67394,Horseshoe Lake,EAG,CR1,1000,"1"""
79803,Horseshoe Reservoir,HUE,BCR,5000,"2"""
79803,Horseshoe Reservoir,HUE,BGL,10000,"2"""
79803,Horseshoe Reservoir,HUE,CCF,5786,"8"""
79803,Horseshoe Reservoir,HUE,RBT,7000,"10"""
79803,Horseshoe Reservoir,HUE,RBT,11000,"10"""
79803,Horseshoe Reservoir,HUE,SGR,50000,"1.2"""
79803,Horseshoe Reservoir,HUE,TGM,750,"7"""
55168,HORSETOOTH,LAR,RBT,30000,"10"""
55168,HORSETOOTH,LAR,WAL,3600000,"0.2"""
90580,Hot Springs Reservoir,GUN,RBT,2000,"10"""
90578,Hotel Twin Lake,DEL,RBT,3000,"10"""
55170,Hourglass Lake,JAC,NAN,1100,"1"""
52492,"Houts Lake 74,713",LAR,BCR,5000,"2"""
74283,Hudson Town Pond,WEL,CCF,200,"8"""
74283,Hudson Town Pond,WEL,LMB,4000,"1.5"""
74283,Hudson Town Pond,WEL,RBT,4800,"10"""
74283,Hudson Town Pond,WEL,RSF,1800,"1.5"""
30130,Huerfano River #2,HUE,RBT,1500,"10"""
30142,Huerfano River #3,HUE,LOC,1000,"3"""
79517,Hugo SWA Pond #2,LIN,BGL,480,"2"""
79517,Hugo SWA Pond #2,LIN,CCF,160,"8"""
79517,Hugo SWA Pond #2,LIN,LMB,240,"1.5"""
79517,Hugo SWA Pond #2,LIN,RBT,400,"10"""
79517,Hugo SWA Pond #2,LIN,RBT,400,"10"""
79521,Hugo SWA Pond #4,LIN,BGL,300,"2"""
79521,Hugo SWA Pond #4,LIN,CCF,150,"8"""
79521,Hugo SWA Pond #4,LIN,LMB,150,"1.5"""
58272,Hugo SWA Pond #5,LIN,BGL,630,"2"""
58272,Hugo SWA Pond #5,LIN,CCF,210,"8"""
58272,Hugo SWA Pond #5,LIN,LMB,315,"1.5"""
58272,Hugo SWA Pond #5,LIN,RBT,300,"10"""
58272,Hugo SWA Pond #5,LIN,RBT,300,"10"""
24841,Hugo SWA Pond #6,LIN,BGL,660,"2"""
24841,Hugo SWA Pond #6,LIN,CCF,220,"8"""
24841,Hugo SWA Pond #6,LIN,LMB,330,"1.5"""
24841,Hugo SWA Pond #6,LIN,RBT,300,"10"""
24841,Hugo SWA Pond #6,LIN,RBT,300,"10"""
46639,Hugo SWA Pond #7,LIN,BCR,1500,"2"""
46639,Hugo SWA Pond #7,LIN,BGL,400,"2"""
46639,Hugo SWA Pond #7,LIN,LMB,150,"1.5"""
90592,Humphreys Lake,MIN,HXH,3000,"3"""
59964,Hunters Glen Lake,ADA,BGL,534,"2"""
59964,Hunters Glen Lake,ADA,LMB,800,"1.5"""
90617,Hunters Lake,MIN,BRK,1000,"3"""
55194,Ice Lake,CLE,GBN,1100,"1"""
55207,Iceberg Lake,LAR,GBN,600,"1"""
55219,Iceberg Lake North,GIL,GBN,1000,"1"""
54320,Idaho Springs Reservoir,CLE,HXH,5000,"5"""
67416,Independence Lake,PIT,CR1,860,"1"""
67428,Indian Lake,GAR,CR1,1500,"1"""
33198,Iowa Gulch,LAK,HCC,1200,"1.5"""
90681,Irwin Lake,GUN,RBT,5000,"10"""
55233,Isabelle Lake,BOU,GBN,3400,"1"""
55245,Island Lake,LAR,GBN,1400,"1"""
90693,Island Lake,DEL,BRK,10000,"3"""
90693,Island Lake,DEL,RBT,4000,"10"""
90693,Island Lake,DEL,RBT,4000,"10"""
90693,Island Lake,DEL,SPL,5000,"3"""
67466,Island Lake Lower,GAR,CR1,2800,"1"""
67478,Island Lake Middle,GAR,CR1,1500,"1"""
67480,Island Lake Upper,GAR,CR1,2700,"1"""
67492,Isolation Lake #1,PIT,CR1,10,"1"""
67505,Isolation Lake #2,PIT,CR1,250,"1"""
67517,Ivanhoe Lake,PIT,RBT,1000,"10"""
31166,Ivie's Pond,RBL,HXH,200,"10"""
57883,Izaak Walton Longmont,BOU,CCF,100,"8"""
57883,Izaak Walton Longmont,BOU,RBT,4000,"10"""
67529,Jack Lake,PIT,CR1,240,"1"""
38579,Jacks Creek,SAG,RGS,3000,"5"""
90720,Jackson Gulch Reservoir,MTZ,RBT,14000,"10"""
90720,Jackson Gulch Reservoir,MTZ,SPL,5000,"3"""
53037,Jackson Reservoir,MOR,BCR,42000,"2"""
53037,Jackson Reservoir,MOR,BGL,52000,"2"""
53037,Jackson Reservoir,MOR,CCF,5000,3•
53037,Jackson Reservoir,MOR,SAG,1600000,"0.2"""
53037,Jackson Reservoir,MOR,SAG,30000,"1.2"""
53037,Jackson Reservoir,MOR,WAL,4600000,"0.2"""
53037,Jackson Reservoir,MOR,WAL,20000,"1.2"""
79728,Jacksons Pond,KIO,BGL,250,"2"""
79728,Jacksons Pond,KIO,CCF,250,"8"""
79728,Jacksons Pond,KIO,LMB,500,"1.5"""
79728,Jacksons Pond,KIO,RBT,500,"10"""
79728,Jacksons Pond,KIO,RBT,500,"10"""
94235,Jacobs Ladder Lake,ARC,SJN,1000,"1"""
55271,James Peak Lake,GIL,GBN,1000,"1"""
53172,Jayhawker Pond #1,LAR,CCF,300,"8"""
53172,Jayhawker Pond #1,LAR,LMB,1040,"1.5"""
53172,Jayhawker Pond #1,LAR,RBT,2250,"10"""
53172,Jayhawker Pond #1,LAR,TGM,10,"7"""
53174,Jayhawker Pond #2,LAR,CCF,650,"8"""
53174,Jayhawker Pond #2,LAR,RBT,1920,"10"""
53174,Jayhawker Pond #2,LAR,SXW,2500,"1.2"""
52887,Jeffs Pond,LOG,CCF,2193,"8"""
52887,Jeffs Pond,LOG,HGC,100,"4"""
52887,Jeffs Pond,LOG,LMB,4000,"1.5"""
52887,Jeffs Pond,LOG,RSF,6976,"1.5"""
79815,Jefferson Lake,PAR,HHN,14000,"10"""
55318,Jim Baker Reservoir,DEN,BCR,3659,"2"""
55318,Jim Baker Reservoir,DEN,CCF,925,"8"""
55318,Jim Baker Reservoir,DEN,RBT,2000,"10"""
90756,Joe Moore Reservoir,MTZ,RBT,3840,"10"""
55322,Joe Wright Reservoir,LAR,GBN,5500,"2"""
55322,Joe Wright Reservoir,LAR,LXB,2000,"3"""
55322,Joe Wright Reservoir,LAR,TGM,600,"7"""
79524,John Martin Reservoir,BEN,BCF,25000,"3"""
79524,John Martin Reservoir,BEN,BCR,70000,"2"""
79524,John Martin Reservoir,BEN,CCF,50000,"3"""
79524,John Martin Reservoir,BEN,LMB,200000,"0.2"""
79524,John Martin Reservoir,BEN,LMB,25000,"1.5"""
79524,John Martin Reservoir,BEN,SAG,3000000,"0.2"""
79524,John Martin Reservoir,BEN,SAG,20000,"1.2"""
79524,John Martin Reservoir,BEN,SXW,200000,"0.2"""
79524,John Martin Reservoir,BEN,WAL,14577,"1.2"""
60432,John Meade Park Lake,ARA,BGL,434,"2"""
60432,John Meade Park Lake,ARA,CCF,225,"8"""
60432,John Meade Park Lake,ARA,LMB,100,"1.5"""
60434,John Meade Park Lake,ARA,BGL,434,"2"""
60434,John Meade Park Lake,ARA,CCF,225,"8"""
60434,John Meade Park Lake,ARA,LMB,100,"1.5"""
54307,Johnny's Pond,DOU,CCF,225,"8"""
60169,Johnson Reservoir,JEF,BCR,9059,"2"""
60169,Johnson Reservoir,JEF,CCF,1025,"8"""
60169,Johnson Reservoir,JEF,SAG,2300,"1.2"""
60169,Johnson Reservoir,JEF,TGM,300,"7"""
52443,Johnstown Reservoir,WEL,LMB,1000,"1.5"""
52443,Johnstown Reservoir,WEL,RBT,5000,"10"""
52443,Johnstown Reservoir,WEL,WAL,50000,"0.2"""
55334,Jonah Lake,JAC,NAN,900,"1"""
53051,Jumbo Annex,LOG,BCR,60000,"2"""
53051,Jumbo Annex,LOG,CCF,10000,"3"""
53051,Jumbo Annex,LOG,SAG,100000,"0.2"""
53051,Jumbo Annex,LOG,SAG,2000,"1.2"""
53051,Jumbo Annex,LOG,WAL,100000,"0.2"""
53051,Jumbo Annex,LOG,WAL,2000,"1.2"""
53063,Jumbo Reservoir,LOG,BCR,56848,"2"""
53063,Jumbo Reservoir,LOG,BGL,215453,"2"""
53063,Jumbo Reservoir,LOG,WAL,3200000,"0.2"""
53063,Jumbo Reservoir,LOG,WAL,41661,"1.2"""
67581,Jumbo Reservoir,MES,RBT,1890,"10"""
72049,Juniata Reservoir,MES,RBT,1610,"10"""
67593,Keener Lake,GAR,CR1,1000,"1"""
95100,Kehmeier Reservoir,DEL,RXN,750,"2"""
55372,Kelly Lake,JAC,GBN,3750,"1"""
87001,Ken Mitchell Lake,ADA,BGL,2234,"2"""
87001,Ken Mitchell Lake,ADA,CCF,1125,"8"""
87001,Ken Mitchell Lake,ADA,LMB,1375,"1.5"""
53087,Kendricks Lake,JEF,CCF,1825,"8"""
73003,Kenney Reservoir,RBL,RBT,6500,"10"""
67606,Kenny Creek Reservoir,MES,CR1,2000,"1"""
60171,Ketner Lake,JEF,BGL,2734,"2"""
60171,Ketner Lake,JEF,CCF,625,"8"""
60171,Ketner Lake,JEF,LMB,2200,"1.5"""
60171,Ketner Lake,JEF,RBT,3000,"10"""
53075,Ketring Lake,ARA,BGL,534,"2"""
53075,Ketring Lake,ARA,CCF,325,"8"""
53075,Ketring Lake,ARA,LMB,1100,"1.5"""
55384,Kidney Lake,JAC,GBN,400,"1"""
67618,KIOamey Reservoir,RBL,NAN,2500,"1.5"""
55396,King Lake,BOU,GBN,1400,"1"""
58070,Kingfisher Point Sw Pond,LAR,CCF,213,"3"""
79550,Kinney Lake,LIN,BCR,2500,"2"""
79550,Kinney Lake,LIN,BGL,1500,"2"""
79550,Kinney Lake,LIN,CCF,1000,"8"""
79550,Kinney Lake,LIN,LMB,2000,"1.5"""
79550,Kinney Lake,LIN,RBT,2500,"10"""
79550,Kinney Lake,LIN,RBT,2500,"10"""
79550,Kinney Lake,LIN,SAG,2161,"1.2"""
90807,Kiser Slough Reservoir,DEL,RBT,2000,"10"""
81585,Kissel Pond,LIN,BGL,500,"2"""
81585,Kissel Pond,LIN,CCF,300,"8"""
81585,Kissel Pond,LIN,LMB,250,"1.5"""
81585,Kissel Pond,LIN,RBT,300,"10"""
67620,Kitson Reservoir,MES,BRK,1500,"2"""
67620,Kitson Reservoir,MES,LXB,700,"3"""
67620,Kitson Reservoir,MES,RBT,1950,"10"""
58322,Kluber! Warembourg Pond,BOU,BGL,434,"2"""
58322,Kluber! Warembourg Pond,BOU,CCF,225,"8"""
58322,Kluber! Warembourg Pond,BOU,LMB,150,"1.5"""
57830,KOA Lake - Boulder,BOU,CCF,400,"8"""
57830,KOA Lake - Boulder,BOU,LMB,2500,"1.5"""
57830,KOA Lake - Boulder,BOU,RBT,2000,"10"""
57819,Kriley Pond,GIL,HXH,9107,"10"""
80729,Kroenke Lake,CHA,GOL,1500,"1.5"""
68305,Kyle Lake (McBride Lake),GAR,CR1,200,"1"""
45282,La Jara Creek #2,CON,RGS,3000,"5"""
81555,La Junta Kids Pond,OTE,BGL,125,"2"""
81555,La Junta Kids Pond,OTE,CCF,200,"8"""
81555,La Junta Kids Pond,OTE,LMB,100,"1.5"""
81555,La Junta Kids Pond,OTE,RBT,250,"10"""
61248,Lagerman Reservoir,BOU,BGL,2500,"2"""
61248,Lagerman Reservoir,BOU,CCF,200,"3"""
61248,Lagerman Reservoir,BOU,WAL,200000,"0.2"""
55459,Left Hand Reservoir,BOU,LXB,5000,"3"""
55459,Left Hand Reservoir,BOU,SPL,4000,"3"""
55459,Left Hand Reservoir,BOU,TGM,350,"7"""
90934,Lemon Reservoir,LAP,RBM,13000,"8"""
67733,Leon Lake,MES,CR1,12000,"1"""
73849,Ligon Reservoir,ROU,RBT,500,"10"""
67745,Lily Lake,MES,CR1,450,"1"""
67769,Lily Pad Lake,SUM,CR1,700,"1"""
53500,Lily Pad Pond,DEN,CCF,225,"8"""
41171,Lime Creek,LAP,CR1,1500,"1"""
67783,Linklns Lake,PIT,CR1,1140,"1"""
67795,Little Gem Lake,GUN,CR1,300,"1"""
57580,Little's Creek Pond,ARA,CCF,225,"8"""
55489,Loe Amora Lake (Jacobs,BOU,BCR,1160,"2"""
55489,Loe Amora Lake (Jacobs,BOU,BGL,534,"2"""
55489,Loe Amora Lake (Jacobs,BOU,CCF,375,"8"""
55489,Loe Amora Lake (Jacobs,BOU,LMB,250,"1.5"""
55562,Lon Hagler Reservoir,LAR,BCR,10000,"2"""
55562,Lon Hagler Reservoir,LAR,CCF,4600,"3"""
55562,Lon Hagler Reservoir,LAR,CCF,2380,"8"""
55562,Lon Hagler Reservoir,LAR,LMB,4500,"1.5"""
55562,Lon Hagler Reservoir,LAR,RBT,12000,"10"""
55562,Lon Hagler Reservoir,LAR,RBT,8000,"10"""
55562,Lon Hagler Reservoir,LAR,SAG,2500,"1.2"""
55562,Lon Hagler Reservoir,LAR,SXW,100000,"0.2"""
55562,Lon Hagler Reservoir,LAR,SXW,8000,"1.2"""
55562,Lon Hagler Reservoir,LAR,TGM,100,"7"""
55562,Lon Hagler Reservoir,LAR,WAL,200000,"0.2"""
67834,Lone Lick Lakes,EAG,CR1,100,"1"""
67858,Lonesome Lake #1,PIT,CR1,600,"1"""
67860,Lonesome Lake #2,PIT,CR1,1000,"1"""
55524,Long Lake,JAC,GBN,300,"1"""
67872,Long Lake,EAG,CR1,300,"1"""
67884,Long Lake,GRA,CR1,500,"1"""
55548,Longs Lake Lower,JAC,GBN,200,"1"""
55550,Longs Lake Upper,JAC,GBN,200,"1"""
55574,Lost Lake,BOU,LXB,1500,"3"""
55598,Lost Lake,LAR,RBT,10000,"10"""
67959,Lost Lake,JAC,NAN,1500,"1"""
67973,Lost Lake,EAG,CR1,1250,"1"""
67985,Lost Lake,MES,CR1,300,"1"""
80820,Lost Lake,CHA,GOL,450,"1.5"""
68026,Lost Lake #3,EAG,CR1,1000,"1"""
68038,Lost Lake #4,EAG,CR1,750,"1"""
91075,Lost Lake Slough,GUN,RBT,4000,"10"""
68064,Lost Man Lake,PIT,CR1,1500,"1"""
68064,Lost Man Lake,PIT,HXH,1500,"10"""
41309,Lost Trail Creek,HIN,RGN,2000,"1"""
91102,Love Lake,MIN,RBT,3000,"10"""
53176,Loveland Lake,LAR,CCF,4600,"3"""
53176,Loveland Lake,LAR,SAG,7500,"1.2"""
53176,Loveland Lake,LAR,WAL,1000000,"0.2"""
53176,Loveland Lake,LAR,WAL,24000,"1.2"""
55605,Loveland Service Center,LAR,BCR,2000,"2"""
55605,Loveland Service Center,LAR,CCF,300,"8"""
55605,Loveland Service Center,LAR,RBT,1000,"10"""
60450,Lowell Pond #1 East,ADA,CCF,500,"8"""
60474,Lowell Pond #3 West,ADA,CCF,325,"8"""
60474,Lowell Pond #3 West,ADA,LMB,300,"1.5"""
81151,Lower Sand Creek Lake,SAG,RGH,10000,"1"""
68153,Mack Mesa Lake,MES,BCR,9417,"2"""
68153,Mack Mesa Lake,MES,BGL,11000,"2"""
68153,Mack Mesa Lake,MES,CCF,700,"3"""
68153,Mack Mesa Lake,MES,LMB,25000,"0.2"""
68153,Mack Mesa Lake,MES,LMB,5000,"1.5"""
68153,Mack Mesa Lake,MES,RBT,6290,"10"""
68141,Mackinaw Lake,GAR,CR1,1000,"1"""
68189,Mahaffey Lake,RBL,CR1,1000,"1"""
53190,Main Lake,JEF,BGL,1234,"2"""
53190,Main Lake,JEF,RBT,5000,"10"""
53190,Main Lake,JEF,SAG,3000,"1.2"""
88616,Mallard #3,ALA,BGL,2000,"2"""
88616,Mallard #3,ALA,LMB,100,"1.5"""
88618,Mallard #6 Lower,ALA,BGL,3000,"2"""
88618,Mallard #6 Lower,ALA,LMB,350,"1.5"""
88619,Mallard #6 Upper,ALA,HXH,1000,"2"""
88620,Mallard #7,ALA,BGL,1800,"2"""
88620,Mallard #7,ALA,LMB,100,"1.5"""
88615,Mallard 1(T),ALA,HXH,1150,"2"""
88615,Mallard 1(T),ALA,RBT,400,"10"""
68242,Mandall Lake Twin Upper,GAR,NAN,2500,"1.5"""
79839,Manitou Reservoir,TEL,LXB,1000,"3"""
79839,Manitou Reservoir,TEL,RBT,150,"10"""
79839,Manitou Reservoir,TEL,RBT,12000,"10"""
79839,Manitou Reservoir,TEL,RBT,8286,"10"""
79839,Manitou Reservoir,TEL,TGM,25,"7"""
52302,Mann-Nyholt Lake North,ADA,BGL,1234,"2"""
52302,Mann-Nyholt Lake North,ADA,CCF,1125,"8"""
52301,Mann-Nyholt Lake South,ADA,BGL,3002,"2"""
52301,Mann-Nyholt Lake South,ADA,CCF,1125,"8"""
52301,Mann-Nyholt Lake South,ADA,LMB,600,"1.5"""
52301,Mann-Nyholt Lake South,ADA,RBT,10500,"10"""
79586,Meredith Reservoir,CRO,SAG,3000000,"0.2"""
79586,Meredith Reservoir,CRO,SXW,200000,"0.2"""
91241,Meridian Lake,GUN,GOL,4000,"1"""
68456,Mesa Lake,MES,RBT,3970,"10"""
98276,Metzger Pond,BRO,BGL,1234,"2"""
98276,Metzger Pond,BRO,CCF,500,"8"""
98276,Metzger Pond,BRO,LMB,400,"1.5"""
68470,Mica Lake,ROU,NAN,1000,"1.5"""
58366,Michigan Lakes Upper,JAC,GBN,400,"1"""
30372,"Middle Creek, South",HUE,HCC,4000,"1.5"""
79527,Midwestern Farms Pond,PRO,BCR,20000,"2"""
79527,Midwestern Farms Pond,PRO,BGL,17500,"2"""
79527,Midwestern Farms Pond,PRO,CCF,2500,"8"""
79527,Midwestern Farms Pond,PRO,LMB,20000,"1.5"""
79527,Midwestern Farms Pond,PRO,RBT,5000,"10"""
79527,Midwestern Farms Pond,PRO,RBT,5000,"10"""
79527,Midwestern Farms Pond,PRO,SAG,7500,"1.2"""
79527,Midwestern Farms Pond,PRO,SXW,1000,"1.2"""
61363,Milavec Reservoir,WEL,BCR,5000,"2"""
61363,Milavec Reservoir,WEL,CCF,2600,"3"""
61363,Milavec Reservoir,WEL,RBT,10000,"10"""
61363,Milavec Reservoir,WEL,SAG,200000,"0.2"""
61363,Milavec Reservoir,WEL,SXW,100000,"0.2"""
61363,Milavec Reservoir,WEL,SXW,2500,"1.2"""
24961,Milk Creek,MOF,BHS,2500,"8"""
24961,Milk Creek,MOF,FMS,2500,"8"""
38040,Mill Creek,SNJ,SJN,250,"2"""
93726,Mill Creek Ponds,HIN,RBT,500,"10"""
91277,Millions Lake,RGR,RBT,3500,"10"""
41664,"Mineral Creek, South",SNJ,RBT,500,"10"""
82038,Minnequa Lake #1,PUE,BCR,2500,"2"""
82038,Minnequa Lake #1,PUE,BGL,2000,"2"""
82038,Minnequa Lake #1,PUE,CCF,1000,"8"""
82038,Minnequa Lake #1,PUE,HGC,150,"4"""
82038,Minnequa Lake #1,PUE,LMB,2500,"1.5"""
82038,Minnequa Lake #1,PUE,RBT,750,"10"""
82038,Minnequa Lake #1,PUE,RBT,750,"10"""
82038,Minnequa Lake #1,PUE,RSF,2000,"2"""
91289,Miramonte Reservoir,SNM,LOC,3000,"2"""
91289,Miramonte Reservoir,SNM,RXN,60000,"4"""
91289,Miramonte Reservoir,SNM,SRN,20000,"4"""
68507,Mirror Lake,ROU,NAN,500,"1.5"""
91291,Mirror Lake,GUN,RBT,4000,"10"""
68557,Missouri Lake #1,EAG,CR1,400,"1"""
68571,Missouri Lake #3,EAG,CR1,1300,"1"""
91304,Mix Lake,CON,RBT,5000,"10"""
91316,Molas Lake Big,SNJ,RBT,8000,"10"""
91328,Molas Lake Little,SNJ,BRK,2000,"3"""
68646,Monarch Lake,GRA,RBT,3000,"10"""
79877,Montgomery Reservoir,PAR,RBT,11000,"10"""
79601,Monument Lake,ELP,BCR,1500,"2"""
79601,Monument Lake,ELP,CCF,2000,"8"""
79601,Monument Lake,ELP,LMB,1000,"1.5"""
79601,Monument Lake,ELP,RBT,11000,"10"""
79601,Monument Lake,ELP,RBT,6000,"10"""
79601,Monument Lake,ELP,SAG,500,"1.2"""
79865,Monument Reservoir,LAS,KOK,56000,"1"""
79865,Monument Reservoir,LAS,LOC,10000,"3"""
79865,Monument Reservoir,LAS,LXB,1000,"3"""
79865,Monument Reservoir,LAS,RBT,12500,"10"""
79865,Monument Reservoir,LAS,RBT,12500,"10"""
79865,Monument Reservoir,LAS,SPL,5000,"2"""
68658,Moon Lake,PIT,CR1,1000,"1"""
68660,Mormon Lake,PIT,CR1,800,"1"""
91392,Morrow Point Reservoir,MON,KOK,75570,"2"""
36034,Mosquito Lake,SAG,RBT,270,"10"""
82684,Mount Elbert Forebay,LAK,RBM,15000,"10"""
82684,Mount Elbert Forebay,LAK,RBT,18000,"10"""
91431,Mountain Home Reservoir,COS,HXH,47000,"3"""
91431,Mountain Home Reservoir,COS,LXB,5000,"3"""
91431,Mountain Home Reservoir,COS,RBT,21029,"10"""
68696,Muckey Lake,EAG,LXB,100,"2"""
68735,Mud Lake #5,GAR,CR1,200,"1"""
44292,Muddy Creek,SNM,KCN,60,"5"""
55776,Muddy Pass Lake,JAC,RBT,6500,"10"""
55788,Murray Lake,CLE,GBN,1150,"1"""
11049,Mustang Pond,GUN,RBT,100,"10"""
68800,Mystic Island Lake,EAG,CR1,3000,"1"""
55815,N Fk Michigan R Lake,JAC,RBT,7000,"5"""
55815,N Fk Michigan R Lake,JAC,RBT,18000,"10"""
91481,Narraguinnep Reservoir,MTZ,BCR,20000,"2"""
91481,Narraguinnep Reservoir,MTZ,WLP,300000,"0.2"""
91481,Narraguinnep Reservoir,MTZ,WLP,68000,"1.2"""
68824,Nast Lake,PIT,HXH,900,"10"""
91518,Navajo Reservoir,ARC,KOK,150000,"2"""
91532,Needle Creek Reservoir,SAG,HXH,7000,"3"""
79625,Neenoshe Reservoir,KIO,BCF,20000,"3"""
79625,Neenoshe Reservoir,KIO,BCR,43307,"2"""
79625,Neenoshe Reservoir,KIO,CCF,29457,"3"""
79625,Neenoshe Reservoir,KIO,LMB,22866,"1.5"""
79625,Neenoshe Reservoir,KIO,SAG,2000000,"0.2"""
79625,Neenoshe Reservoir,KIO,SAG,5219,"1.2"""
79625,Neenoshe Reservoir,KIO,SXW,200000,"0.2"""
79625,Neenoshe Reservoir,KIO,WAL,14577,"1.2"""
55790,Neva Lake Lower,BOU,GBN,710,"1"""
68836,Neversweat Reservoir,MES,LXB,750,"3"""
68836,Neversweat Reservoir,MES,RBT,2800,"10"""
68848,New York Lake,EAG,CR1,4000,"1"""
68850,New York Lake,PIT,CR1,1900,"1"""
30514,Newlin Creek,FRE,HCC,1200,"1.5"""
82204,Nichols Reservoir,ELP,GOL,4000,"1.5"""
82204,Nichols Reservoir,ELP,LXB,1000,"3"""
82204,Nichols Reservoir,ELP,NAN,10000,"2"""
72063,Nofstger Reservoir,ROU,JMP,1000,"10"""
72099,Nolan Lake Upper,EAG,CR1,600,"1"""
79891,North Fork Reservoir,CHA,RBT,3750,"10"""
79889,North Lake,LAS,KOK,55781,"1"""
79889,North Lake,LAS,LXB,3000,"3"""
79889,North Lake,LAS,RBT,6000,"10"""
79889,North Lake,LAS,RBT,9000,"10"""
79889,North Lake,LAS,SPL,5000,"2"""
61476,North Lake Park Pond,LAR,CCF,100,"8"""
61476,North Lake Park Pond,LAR,RBT,2000,"10"""
35712,North Naturita Town Pond,MON,RBT,100,"10"""
11790,North Platte River #2,JAC,HXG,1000,"10"""
10904,North Platte River #B2,JAC,HXG,1000,"10"""
53481,North Shields Pond,LAR,CCF,200,8•
53328,North Sterling Reservoir,LOG,BCR,60000,"2"""
53328,North Sterling Reservoir,LOG,BGL,25000,"2"""
53328,North Sterling Reservoir,LOG,BGL,25000,"2"""
53328,North Sterling Reservoir,LOG,CCF,30000,"3"""
53328,North Sterling Reservoir,LOG,SAG,1400000,"0.2"""
53328,North Sterling Reservoir,LOG,SAG,35000,"1.2"""
53328,North Sterling Reservoir,LOG,SXW,200000,"0.2"""
53328,North Sterling Reservoir,LOG,WAL,4500000,"0.2"""
53328,North Sterling Reservoir,LOG,WAL,25000,"1.2"""
98728,Northgate Pond #1,PRO,BCR,2500,"2"""
98728,Northgate Pond #1,PRO,CCF,700,"8"""
98728,Northgate Pond #1,PRO,LMB,1000,"1.5"""
98728,Northgate Pond #1,PRO,RBT,2000,"10"""
98728,Northgate Pond #1,PRO,RBT,3500,"10"""
98728,Northgate Pond #1,PRO,RSF,1000,"1.5"""
98728,Northgate Pond #1,PRO,SAG,1500,"1.2"""
17614,Northgate Pond #2,PRO,BCR,1000,"2"""
17614,Northgate Pond #2,PRO,CCF,750,"8"""
17614,Northgate Pond #2,PRO,LMB,1000,"1.5"""
17614,Northgate Pond #2,PRO,RBT,2000,"10"""
17614,Northgate Pond #2,PRO,RBT,3500,"10"""
17614,Northgate Pond #2,PRO,RSF,1000,"1.5"""
17614,Northgate Pond #2,PRO,SAG,1500,"1.2"""
79298,Northgate Pond #3,PRO,BCR,1500,"2"""
79298,Northgate Pond #3,PRO,CCF,750,"8"""
79298,Northgate Pond #3,PRO,LMB,1500,"1.5"""
79298,Northgate Pond #3,PRO,RBT,2000,"10"""
79298,Northgate Pond #3,PRO,RBT,3500,"10"""
79298,Northgate Pond #3,PRO,RSF,1000,"1.5"""
79298,Northgate Pond #3,PRO,SAG,1000,"1.2"""
72657,Nottingham Lake,EAG,RBT,2000,"10"""
68925,Officers Gulch Pond,SUM,LXB,1000,"4"""
91619,Olathe Kids Pond,MON,RBT,4000,"10"""
66082,Old Orchard,MES,RBT,6615,"10"""
68929,Old Pond,EAG,HXH,200,"10"""
81024,Oliver Twist Lake,PAR,NAN,1000,"1"""
79649,Ordway Reservoir,CRO,BCR,6000,"2"""
79649,Ordway Reservoir,CRO,BGL,750,"2"""
79649,Ordway Reservoir,CRO,CCF,1500,"8"""
79649,Ordway Reservoir,CRO,LMB,79475,"0.2"""
79649,Ordway Reservoir,CRO,LMB,1500,"1.5"""
79649,Ordway Reservoir,CRO,RBT,2000,"10"""
79649,Ordway Reservoir,CRO,RBT,8000,"10"""
79649,Ordway Reservoir,CRO,SAG,2000,"1.2"""
79649,Ordway Reservoir,CRO,SXW,500,"1.2"""
55841,Osh Lake,JAC,NAN,500,"1"""
57996,Overland Park Pond,DEN,BGL,534,"2"""
57996,Overland Park Pond,DEN,CCF,175,"8"""
57996,Overland Park Pond,DEN,LMB,150,"1.5"""
91645,Overland Reservoir,DEL,RBT,3500,"10"""
56609,Overland Trail Park Pond,LOG,CCF,3000,"8"""
56609,Overland Trail Park Pond,LOG,LMB,2000,"1.5"""
56609,Overland Trail Park Pond,LOG,WAL,10000,"1.2"""
96986,Pac-Man Lake,GUN,RBT,1200,"10"""
29424,Paint Brush Park Pond,DOU,BGL,734,"2"""
29424,Paint Brush Park Pond,DOU,CCF,225,"8"""
29424,Paint Brush Park Pond,DOU,LMB,100,"1.5"""
65128,Palisade Riverbend Park,MES,RBT,3190,"10"""
68987,Palmer Lake,GAR,CR1,1000,"1"""
79651,Palmer Lake,ELP,BGL,2000,"2"""
79651,Palmer Lake,ELP,LMB,1000,"1.5"""
79651,Palmer Lake,ELP,RBT,8000,"10"""
79651,Palmer Lake,ELP,RBT,4000,"10"""
73166,Parachute Pond,GAR,RBT,9325,"10"""
69004,Paradise Lake #1,PIT,CR1,500,"1"""
69016,Paradise Lake #2,PIT,CR1,500,"1"""
69030,Paradise Lake #4,PIT,CR1,200,"1"""
56037,Park Lake,BOU,BGL,734,"2"""
56037,Park Lake,BOU,CCF,325,"8"""
56037,Park Lake,BOU,LMB,250,"1.5"""
55853,Parvin Lake,LAR,LOC,4500,"3"""
55853,Parvin Lake,LAR,RBT,8000,"5"""
55853,Parvin Lake,LAR,SPL,6000,"5"""
91669,Pass Creek Pond,MIN,RBT,4000,"10"""
91671,Pastorius Reservoir,LAP,BGL,8952,"2"""
91671,Pastorius Reservoir,LAP,LMB,2725,"1.5"""
91671,Pastorius Reservoir,LAP,RBT,5300,"10"""
81506,Pathfinder Park Pond,FRE,BGL,200,"2"""
81506,Pathfinder Park Pond,FRE,CCF,100,"8"""
81506,Pathfinder Park Pond,FRE,LMB,100,"1.5"""
81506,Pathfinder Park Pond,FRE,RBT,1300,"10"""
69078,Patricia Lake,EAG,CR1,200,"1"""
71150,Patricia Lake,EAG,CR1,1000,"1"""
69080,Pawnee Lake,GRA,CR1,1200,"1"""
61250,Pawnee Power Plant Lake,MOR,RBT,6500,"4"""
61250,Pawnee Power Plant Lake,MOR,SBS,400000,"0.2"""
69092,Pearl Lake,ROU,CR1,20000,"2"""
69092,Pearl l ake,ROU,CR1,10000,"5"""
55865,Peggy Lake,JAC,NAN,1000,"1"""
94025,Pericles Pond,OUR,RBT,2500,"10"""
69129,Petroleum Lake,PIT,CR1,1240,"1"""
42060,Piedra River #1,ARC,GRR,5000,"2"""
42060,Piedra River #1,ARC,LOC,5000,"3"""
42084,Piedra River #3,ARC,GRR,5000,"2"""
42084,Piedra River #3,ARC,LOC,2000,"3"""
69131,Pierre Lake #1,PIT,CR1,430,"1"""
69143,Pierre Lake #2 Lower,PIT,CR1,1300,"1"""
69155,Pierre Lake #3,PIT,CR1,4430,"1"""
69167,Pierre Lake #4 Upper,PIT,CR1,1600,"1"""
79663,Pike View Reservoir,ELP,BGL,5000,"2"""
79663,Pike View Reservoir,ELP,CCF,1300,"8"""
79663,Pike View Reservoir,ELP,LMB,4000,"1.5"""
79663,Pike View Reservoir,ELP,RBT,8000,"10"""
79663,Pike View Reservoir,ELP,RBT,6000,"10"""
79663,Pike View Reservoir,ELP,SAG,3000,"1.2"""
61058,Pine Valley Ranch Lake,JEF,RBT,6000,"10"""
55928,Pinewood Reservoir,LAR,LOC,10500,"3"""
55928,Pinewood Reservoir,LAR,LXB,3500,"3"""
55928,Pinewood Reservoir,LAR,RBT,16000,"10"""
55928,Pinewood Reservoir,LAR,SPL,3500,"3"""
55928,Pinewood Reservoir,LAR,TGM,800,"7"""
69193,Piney Lake,EAG,RBT,1500,"10"""
88625,Pintail #1,ALA,HXH,710,"2"""
88626,Pintail#2,ALA,HXH,1252,"2"""
60083,Pioneer Lake,YUM,CCF,3000,"8"""
60083,Pioneer Lake,YUM,LMB,3000,"1.5"""
91734,Pitcairn Reservoir,DEL,LXB,300,"1"""
91746,Pitkin Kids Pond,GUN,RBT,400,"10"""
91758,Platoro Reservoir,CON,HXH,50000,"3"""
91758,Platoro Reservoir,CON,KOK,20000,"2"""
91758,Platoro Reservoir,CON,RBT,11000,"10"""
91758,Platoro Reservoir,CON,SPL,7000,"4"""
91760,Poage Lake,RGR,RXN,4000,"4"""
69220,Polar Star Lake,EAG,CR1,400,"1"""
42197,Pole Creek,HIN,RGN,2000,"1"""
81062,"Pomeroy Lake, Lower",CHA,GRA,750,"1.5"""
81074,"Pomeroy Lake, Upper",CHA,GRA,750,"1.5"""
53330,Pomona Lake,JEF,BGL,1234,"2"""
53330,Pomona Lake,JEF,CCF,663,"8"""
53330,Pomona Lake,JEF,LMB,2200,"1.5"""
55930,Pony Lake,BOU,GBN,300,"1"""
60416,Poplar Pond - Belly Boat #2,BOU,CCF,80,"8"""
60416,Poplar Pond - Belly Boat #2,BOU,LMB,1250,"1.5"""
60416,Poplar Pond - Belly Boat #2,BOU,RBT,750,"10"""
60416,Poplar Pond - Belly Boat #2,BOU,TGM,20,"7"""
91784,Potato Lake,SNJ,WXT,3000,"2"""
91796,Pothole Lake #1 (Lower),GUN,RBT,2000,"10"""
91809,Pothole Lake #2 (Upper),GUN,RBT,2000,"10"""
53648,Poudre Ponds #,WEL,BCR,3500,"2"""
53648,Poudre Ponds #1,WEL,BGL,7500,"2"""
53648,Poudre Ponds #1,WEL,CCF,2000,"8"""
53648,Poudre Ponds #1,WEL,LMB,3500,"1.5"""
53648,Poudre Ponds #1,WEL,RBT,7000,"10"""
11899,Poudre River #2,LAR,HXG,10000,"10"""
11902,Poudre River #3,LAR,HXG,13000,"10"""
11920,Poudre River #4A,LAR,HXG,10000,"10"""
53354,Prewitt Reservoir,WAS,BCR,60000,"2"""
53354,Prewitt Reservoir,WAS,CCF,64931,"3"""
53354,Prewitt Reservoir,WAS,SAG,800000,"0.2"""
53354,Prewitt Reservoir,WAS,SAG,11000,"1.2"""
53354,Prewitt Reservoir,WAS,SXW,200000,"0.2"""
53354,Prewitt Reservoir,WAS,WAL,3800000,"0.2"""
53354,Prewitt Reservoir,WAS,WAL,30000,"1.2"""
79675,Prospect Lake,ELP,CBF,175,"20"""
79675,Prospect Lake,ELP,CCF,2900,"8"""
79675,Prospect Lake,ELP,RBT,8000,"10"""
79675,Prospect Lake,ELP,RBT,4000,10•
79675,Prospect Lake,ELP,SXW,3000,"1.2"""
57592,Prospect Park Lake,JEF,BGL,5000,2•
57592,Prospect Park Lake,JEF,CCF,500,"8"""
57592,Prospect Park Lake,JEF,LMB,500,"1.5"""
58001,Prospect Park Lake North,JEF,CCF,700,"8"""
58001,Prospect Park Lake North,JEF,SAG,2000,"1.2"""
58063,Prospect Pond #2 North,LAR,CCF,1200,"8"""
58075,Prospect Pond #3 South,LAR,RBT,2000,"10"""
62000,Public Works Lake,ADA,BGL,1734,2•
62000,Public Works Lake,ADA,CCF,1125,"8"""
62000,Public Works Lake,ADA,LMB,1500,"1.5"""
87829,Pueblo Chemical Depot,PUE,SRD,5000,"1"""
44398,Pueblo City Park Duck Pond,PUE,CCF,250,"8"""
81606,Pueblo City Park Lake,PUE,RBT,2400,"10"""
81783,Pueblo Reservoir,PUE,BCF,25000,"3"""
81783,Pueblo Reservoir,PUE,BCR,15376,"2"""
81783,Pueblo Reservoir,PUE,BGL,23609,"2"""
81783,Pueblo Reservoir,PUE,CCF,45328,"3"""
81783,Pueblo Reservoir,PUE,LMB,250000,"0.2"""
81783,Pueblo Reservoir,PUE,RBT,10000,"10"""
81783,Pueblo Reservoir,PUE,RBT,18323,"10"""
81783,Pueblo Reservoir,PUE,SXW,400000,"0.2"""
81783,Pueblo Reservoir,PUE,WAL,9000000,"0.2"""
82595,Pueblo West Pond,PUE,BGL,2000,"2"""
82595,Pueblo West Pond,PUE,CCF,500,"8"""
82595,Pueblo West Pond,PUE,LMB,750,"1.5"""
82595,Pueblo West Pond,PUE,RBT,1800,"10"""
91885,Puett Reservoir,MTZ,BCR,14877,"2"""
91885,Puett Reservoir,MTZ,CCF,862,"8"""
91885,Puett Reservoir,MTZ,WLP,200000,"0.2"""
91885,Puett Reservoir,MTZ,WLP,14600,"1.2"""
71186,Purdy Mesa Reservoir,MES,LMB,20000,"0.2"""
71186,Purdy Mesa Reservoir,MES,LMB,3000,"1.5"""
71186,Purdy Mesa Reservoir,MES,RBT,350,"10"""
31460,Purgatoire River #1,BEN,PMW,40000,"1"""
31461,Purgatoire River #2,BEN,LOC,500,"3"""
31461,Purgatoire River #2,BEN,PMW,40000,"1"""
31461,Purgatoire River #2,BEN,RBT,500,"10"""
30584,"Purgatoire River, North Fork",LAS,LOC,2000,"3"""
82228,Quall Lake,ELP,BGL,2500,"2"""
82228,Quail Lake,ELP,CCF,1700,"8"""
82228,Quail Lake,ELP,LMB,5000,"1.5"""
82228,Quail Lake,ELP,RXN,10500,"10"""
82228,Quail Lake,ELP,RXN,7105,"10"""
82228,Quail Lake,ELP,TGM,25,"7"""
82228,Quail Lake,ELP,WAL,5000,"1.2"""
60759,Quail Mountain Ra Pond,LAK,RBT,300,"10"""
42262,Quartz Creek,GUN,RBT,600,"10"""
57198,Quincy Reservoir,ARA,RBT,10000,"10"""
55980,Raft Lake,JAC,NAN,900,"1"""
56019,Rainbow Lake,JAC,NAN,7000,"1"""
69333,Rainbow Lake,EAG,CR1,360,"1"""
69345,Rainbow Lake,GAR,NAN,800,"1.5"""
81101,Rainbow Lake,CUS,GRA,200,"2"""
56021,Rainbow Lake Lower,JAC,NAN,800,"1"""
56033,Rainbow Lake Middle,JAC,NAN,800,"1"""
55992,"Rainbow Lake, Big",LAR,GBN,600,"1"""
97798,Rainbow Reservoir,MON,RBT,200,"10"""
79942,Rampart Reservoir,ELP,KOK,45000,"2"""
79942,Rampart Reservoir,ELP,LOC,5000,"5"""
79942,Rampart Reservoir,ELP,LXB,1000,"3"""
79942,Rampart Reservoir,ELP,RBT,18000,"10"""
79942,Rampart Reservoir,ELP,RBT,8000,"10"""
73005,Rangely Fishing Pond,RBL,RBT,600,"10"""
93687,Ranger Lake,RGR,BRK,160,"3"""
56069,Ranger Lake Lower,JAC,RBT,8000,"10"""
94691,Ranger Lake North,GUN,GOL,500,"1"""
56071,Ranger Lake Upper,JAC,RBT,5000,"10"""
56108,Rawah Lake #3,LAR,GBN,2500,"1"""
56110,Rawah Lake #4,LAR,GBN,1500,"1"""
69395,Red Dirt Reservoir,GRA,HXH,15000,"3"""
42490,Red Mountain Creek,MIN,RGN,4000,"1"""
93497,Red Mountain Lake,GUN,CR1,300,"1"""
56158,Red Rock Lake,BOU,RBT,800,"10"""
54308,Redstone Park Pond,DOU,CCF,225,"8"""
91936,Reed Reservoir,DEL,RBT,2500,"10"""
69067,Reservoir Park,MES,CR1,1700,"3"""
30647,Rich Creek,PAR,NAN,1750,"1"""
96695,Ridgway Reservoir,OUR,RBM,30000,"10"""
96695,Ridgway Reservoir,OUR,RBT,20000,"10"""
96695,Ridgway Reservoir,OUR,RBT,15000,"10"""
96695,Ridgway Reservoir,OUR,RBT,27918,"10"""
96695,Ridgway Reservoir,OUR,WLP,30000,"1.2"""
21674,Rifle Creek,GAR,LOC,5000,"3"""
21674,Rifle Creek,GAR,RBT,275,"10"""
24218,"Rifle Creek, East",GAR,CR1,1000,"2"""
69422,Rifle Gap Reservoir,GAR,BCR,13918,"2"""
69422,Rifle Gap Reservoir,GAR,RBT,20080,"10"""
69422,Rifle Gap Reservoir,GAR,WLP,36000,"1.2"""
71718,"Rifle Pond, South",GAR,RBT,5960,"10"""
69446,Rim Lake,EAG,CR1,700,"1"""
49076,Rio Blanco #1,ARC,LOC,4617,"3"""
69458,Rio Blanco Lake,RBL,BCR,5474,"2"""
69458,Rio Blanco Lake,RBL,BGL,5000,"2"""
69458,Rio Blanco Lake,RBL,LMB,10000,"1.5"""
69458,Rio Blanco Lake,RBL,TGM,50,"7"""
94398,Rio Grande Management,RGR,BGL,496,"2"""
94398,Rio Grande Management,RGR,LMB,500,"1.5"""
89929,Rio Grande Reservoir,HIN,HXH,10000,"2"""
89929,Rio Grande Reservoir,HIN,HXH,40000,"3"""
89929,Rio Grande Reservoir,HIN,RBT,16000,"10"""
89929,Rio Grande Reservoir,HIN,SPL,15000,"4"""
42515,Rio Grande River #1,CON,RCH,20000,"3"""
42527,Rio Grande River #2,RGR,GRR,38250,"2"""
42539,Rio Grande River #3,RGR,GRR,22500,"2"""
42541,Rio Grande River #4,MIN,GRR,20000,"2"""
42553,Rio Grande River #5,HIN,RGN,5000,"1"""
42565,"Rio Grande River, South",RGR,GRR,7000,"2"""
91986,Rito Alto Lake,SAG,RGN,276,"1"""
39459,Rito Hondo Creek,HIN,RGH,6000,"1"""
91998,Rito Hondo Lake,HIN,HXH,4000,"3"""
91998,Rito Hondo Lake,HIN,RGH,20000,"1"""
57249,Riverbend Pond #1,LAR,LMB,750,"1.5"""
57756,Riverbend Pond #2,LAR,,,
57779,Rolland Moore Pond,LAR,BGL,1000,"2"""
57779,Rolland Moore Pond,LAR,CCF,300,"3"""
56247,Roosevelt Lake Lower,PAR,GBN,450,"1"""
60525,Roosevelt Lake Upper,PAR,GBN,450,"1"""
82608,Rosemont Reservoir,TEL,KOK,18210,"2"""
82608,Rosemont Reservoir,TEL,LOC,3000,"5"""
82608,Rosemont Reservoir,TEL,LXB,3000,"3"""
82608,Rosemont Reservoir,TEL,RBT,3000,"10"""
82608,Rosemont Reservoir,TEL,RBT,1500,"10"""
82608,Rosemont Reservoir,TEL,SPL,3000,"3"""
56259,Ross Reservoir,JAC,NAN,2000,"1"""
57542,Rotella Park Lake,ADA,CCF,50,"8"""
57542,Rotella Park Lake,ADA,LMB,300,"1.5"""
30673,Rough & Tumbling Creek,PAR,NAN,2000,"1"""
69484,Round Lake,GAR,NAN,700,"1"""
96708,Rowdy Reservoir,GUN,BRK,300,"2"""
96708,Rowdy Reservoir,GUN,LXB,300,"3"""
56285,Roxy Anne Lake,JAC,NAN,11000,"1"""
56297,Roxy Anne Lake Upper,JAC,NAN,400,"1"""
56300,Ruby Jewel Lake,JAC,GBN,200,"1"""
56300,Ruby Jewel Lake,JAC,GOL,250,1·
69535,Ruedi Reservoir,EAG,HXH,8000,"10"""
69535,Ruedl Reservoir,EAG,KOK,85000,"2"""
69535,Ruedi Reservoir,EAG,KOK,115000,"2"""
69535,Ruedi Reservoir,EAG,RBT,53078,"10"""
79714,Runyon Lake,PUE,BCR,2500,"2"""
79714,Runyon Lake,PUE,BGL,3000,"2"""
79714,"Runyon Lake 34,730",PUE,CCF,3000,"8"""
79714,Runyon Lake,PUE,RBT,13000,"10"""
79714,"Runyon Lake 34,730",PUE,RBT,13844,"10"""
46866,San Miguel River #3,SNM,RBT,5000,"10"""
42995,"San Miguel River, South",SNM,CR1,15000,"3"""
69585,Sanchez Lake Upper,ROU,NAN,600,"1.5"""
92128,Sanchez Reservoir,COS,CCF,2589,"8"""
92128,Sanchez Reservoir,COS,TGM,2000,"7"""
31138,Sand Creek,ELP,SRO,5000,"1"""
42856,Sand Creek,SAG,RGH,12000,"1"""
42856,Sand Creek,SAG,RGS,5000,"5"""
93532,"Sand Creek Park Pond, East",ADA,BGL,734,"2"""
93532,"Sand Creek Park Pond, East",ADA,CCF,225,"8"""
93532,"Sand Creek Park Pond, East",ADA,LMB,200,"1.5"""
43007,"Sand Creek Park Pond,",ADA,BGL,734,"2"""
43007,"Sand Creek Park Pond,",ADA,CCF,225,"8"""
43007,"Sand Creek Park Pond,",ADA,LMB,200,"1.5"""
69624,Savage Lake Lower,PIT,CR1,2200,"1"""
69612,Savage Lake Upper,PIT,CR1,1200,"1"""
69698,Sawyer Lake,PIT,CR1,1250,"1"""
73626,Scenery Pond,RBL,RBT,300,"10"""
81180,Schryver Park Pond,ELP,RBT,200,"10"""
81180,Schryver Park Pond,ELP,RBT,200,"10"""
69701,Scott Lake,PIT,CR1,500,"1"""
51912,Scott Pond,LAR,RBT,600,"10"""
94158,Seepage Lake Upper,MIN,HHN,2000,"3"""
56401,Seven Lakes #1,JAC,NAN,1400,"1"""
69751,Seven Sisters Lake #3,EAG,CR1,250,"1"""
69763,Seven Sisters Lake #4,EAG,CR1,250,"1"""
69775,Seven Sisters Lake #5,EAG,CR1,300,"1"""
53644,Severance City Pond,WEL,RBT,2000,"10"""
56425,Seymour Reservoir,JAC,RBT,25000,"5"""
56425,Seymour Reservoir,JAC,RBT,14500,"10"""
69799,Shadow Mountain Reservoir,GRA,TGM,6500,"7"""
96548,Shavano Pond,OUR,RBT,5000,10'
49115,Sheep Creek,CON,RGN,2500,"1"""
61034,Sheets Lake,ADA,CCF,500,"8"""
52768,Sheldon Lake,LAR,BCR,10000,"2"""
52768,Sheldon Lake,LAR,BGL,3000,"2"""
52768,Sheldon Lake,LAR,CCF,1500,"8"""
52768,Sheldon Lake,LAR,LMB,1500,"1.5"""
52768,Sheldon Lake,LAR,RBT,7000,"10"""
56449,Shelf Lake,CLE,NAN,1100,"1"""
69838,Shepherd Lake,GAR,CR1,3000,"1"""
69840,Sheriff Reservoir,RBL,CR1,3000,"4"""
69840,Sheriff Reservoir,RBL,RBT,5000,"10"""
69852,Sherry Lake,EAG,CR1,770,"1"""
56451,Sheiwin Lake,CLE,GBN,1400,"1"""
69876,Shingle Peak Lake,GAR,CRN,800,"1"""
56463,Shoestring Lake,JAC,NAN,800,"1"""
69888,Siberia Lake,PIT,CR1,330,"1"""
56487,Silver Dollar Lake,CLE,GBN,1850,1•
69890,Silver Lake,MES,CR1,6000,"2"""
69890,Silver Lake,MES,GRA,3500,"1"""
92255,Silverjack Reservoir,GUN,GRA,3000,"3"""
92255,Silverjack Reservoir,GUN,RSM,10000,"10"""
81187,Silverking Lake,CHA,GRA,1000,"1.5"""
73607,Silverthorne North Pond,SUM,RXN,500,"3"""
79992,Skaguay Reservoir,TEL,RBT,16400,"10"""
69927,Skillet Lake,GAR,NAN,800,"1.5"""
56499,Skyscraper Lake,BOU,GBN,2200,"1"""
56502,Slack And Weiss Reservoir,JAC,RBT,5000,"3"""
56502,Slack And Weiss Reservoir,JAC,RBT,6000,"10"""
69965,Slate Lake #2 Upper,SUM,CR1,1000,"2"""
69989,Slate Lake #3,SUM,CR1,700,"1"""
43116,Slate River #2,GUN,RBT,1000,"10"""
70019,Sleepycat Ponds,RBL,HXH,2000,"10"""
70021,Slide Lake,EAG,CR1,300,"1"""
70057,Slide Lake #2,ROU,GOL,500,"1.5"""
70069,Slide Lake #3,ROU,GOL,400,"1.5"""
70071,Slide Lake #4,ROU,NAN,400,"1.5"""
56526,Slide Lake Lower,JAC,NAN,4100,"1"""
53493,Sloans Lake,DEN,CCF,4000,"8"""
53493,Sloans Lake,DEN,RBT,9500,"10"""
53493,Sloans Lake,DEN,TGM,600,"7"""
57807,Slough Pond,GIL,HXH,3425,"10"""
53506,Smith Lake,JEF,BGL,1234,"2"""
53506,Smith Lake,JEF,CCF,2000,"8"""
56552,Smith Lake,DEN,BGL,1234,"2"""
56552,Smith Lake,DEN,RBT,2000,"10"""
70083,Smith Lake Upper,GAR,NAN,2000,"1"""
92320,Smith Reservoir,COS,HXH,35000,"3"""
92320,Smith Reservoir,COS,RBT,16000,"10"""
66235,Snooks Bottom Lake,MES,RBT,2955,"10"""
55675,Snow Lake,JAC,GBN,1700,"1"""
70108,Snowmass Lake,PIT,CR1,8150,"1"""
70110,Snowslide Lake,GAR,NAN,800,"1.5"""
70122,Snowstorm Lake,ROU,NAN,1200,"1.5"""
22070,Soda Creek #1,ROU,HXG,2000,"2"""
72532,Soda Lake,EAG,CR1,100,"1"""
60121,Soda Lake #2,JEF,LOC,1552,"3"""
60121,Soda Lake #2,JEF,SAG,3000,"1.2"""
70146,Soprls Lake,EAG,CR1,200,"1"""
31651,South Creek,PUE,ARD,3000,"1"""
71302,South Mamm Peak Lake,GAR,NAN,500,"1"""
95108,South Naturita Town Pond,MON,RBT,400,"10"""
30837,South Platte River #11,PAR,HXG,2000,10•
30849,South Platte River #12,PAR,HXG,4500,"10"""
30851,South Platte River#13A,PAR,HXG,10000,"3"""
30851,South Platte River#13A,PAR,HXG,1500,"10"""
33819,South Platte River #13B,PAR,HXG,14000,"3"""
11805,South Platte River #7 A,ARA,LOC,6899,"3"""
11805,South Platte River #7 A,ARA,RBT,2000,"10"""
11805,South Platte River #7 A,ARA,RXN,2000,"10"""
14681,South Platte River #9A,JEF,RBT,10000,"3"""
14681,South Platte River #9A,JEF,RBT,5000,"10"""
14693,South Platte River #9B,JEF,HXG,15000,"3"""
14693,South Platte River #9B,JEF,HXG,3500,"10"""
14706,South Platte River #9C,JEF,HXG,15000,"3"""
14706,South Platte River #9C,JEF,HXG,2000,"10"""
31390,"South Platte River, Md Fork",PAR,HXG,15000,"3"""
31390,"South Platte River, Md Fork",PAR,HXG,2244,"10"""
30875,"South Platte River, Md Fork",PAR,HXG,2000,"3"""
11851,"South Platte River, North",JEF,RBT,750,"10"""
30825,"South Platte River, South",PAR,HXG,10000,"3"""
30825,"South Platte River, South",PAR,NAN,2000,"1"""
92344,Spectacle Lake,CON,RBT,4000,"10"""
82583,Spinney Mountain Reservoir,PAR,HHN,45000,"12"""
52823,Spratt-Platte Reservoir,ADA,BGL,3234,"2"""
52823,Spratt-Platte Reservoir,ADA,LMB,1000,"1.5"""
52823,Spratt-Platte Reservoir,ADA,RSF,2700,"1.5"""
92382,Spring Creek Pond,HIN,RBT,3000,"10"""
92370,Spring Creek Reservoir,GUN,RBT,10000,"10"""
39744,"Spring Creek, Big",ALA,RGS,2000,"5"""
56576,Square Top Lake Lower,CLE,BAC,400,"5"""
56588,Square Top Lake Upper,CLE,BAC,400,"5"""
70196,St Louis Lake,GRA,CR1,600,"1"""
56324,St Marys Lake,CLE,LXB,2000,"2"""
12156,St Vrain Creek,BOU,CSH,8000,"2"""
12170,"St Vraln Creek, North #1",BOU,GRR,20000,"2"""
12194,"St Vraln Creek, South #1",BOU,GRR,8000,"2"""
12194,"St Vraln Creek, South #1",BOU,RBT,500,"10"""
58092,St. Vrain State Park Bald,WEL,BGL,7500,"2"""
58092,St. Vrain State Park Bald,WEL,CCF,200,"8"""
58092,St. Vrain State Park Bald,WEL,LMB,1500,"1.5"""
58092,St. Vrain State Park Bald,WEL,RBT,100,"10"""
58083,St. Vrain State Park Blue,WEL,BCR,22000,"2"""
58083,St. Vrain State Park Blue,WEL,CCF,4600,"3"""
58083,St. Vrain State Park Blue,WEL,CCF,1595,"8"""
58083,St. Vrain State Park Blue,WEL,LMB,10250,"1.5"""
58083,St. Vrain State Park Blue,WEL,RSF,3000,"1.5"""
58083,St. Vrain State Park Blue,WEL,SAG,500000,"0.2"""
58083,SI. Vrain State Park Blue,WEL,SAG,18000,"1.2"""
58091,St. Vrain State Park Coot,WEL,BCR,1500,"2"""
58091,St. Vrain State Park Cool,WEL,CCF,250,"8"""
58091,St. Vrain State Park Coot,WEL,LMB,2430,"1.5"""
58091,St. Vrain State Park Coot,WEL,RBT,4300,"10"""
58091,St. Vrain State Park Cool,WEL,SAG,2000,"1.2"""
58091,St. Vrain State Park Coot,WEL,WAL,100000,"0.2"""
58099,St. Vrain State Park Mallard,WEL,CCF,250,"8"""
58099,St. Vrain State Park Mallard,WEL,RBT,1600,"10"""
58099,St. Vrain State Park Mallard,WEL,SXW,25000,"0.2"""
58099,St. Vrain Stale Park Mallard,WEL,SXW,1000,"1.2"""
52388,St. Vrain State Park Pelican,WEL,BCR,5000,"2"""
52388,St. Vrain State Park Pelican,WEL,CCF,1000,"8"""
52388,St. Vrain State Park Pelican,WEL,LMB,4500,"1.5"""
60917,Stearns Reservoir,BOU,BGL,2234,"2"""
60917,Stearns Reservoir,BOU,CCF,750,"8"""
45470,Stewart Case Park Pond,LAR,CCF,100,"3"""
70261,Stone Lake,GRA,CR1,1000,"1"""
56627,Storm Lake,BOU,GBN,1200,"1"""
79437,Stratton Pond,KIT,BGL,300,"2"""
79437,Stratton Pond,KIT,LMB,75,"1.5"""
79437,Stratton Pond,KIT,RBT,200,"10"""
79437,Stratton Pond,KIT,RBT,200,"10"""
70270,Strawberry Lake,GRA,CR1,1000,"1"""
70273,Strawberry Lake #1,EAG,CR1,500,"1"""
70285,Strawberry Lake #2,EAG,CR1,1000,"1"""
56641,Summit Lake,CLE,GBN,2000,"1"""
70324,Summit Lake,JAC,CR1,1500,"1.5"""
92445,Summit Reservoir,MTZ,BCR,10439,"2"""
92445,Summit Reservoir,MTZ,BGL,8953,"2"""
92445,Summit Reservoir,MTZ,CCF,1029,"8"""
92445,Summit Reservoir,MTZ,HXG,5000,"5"""
92445,Summit Reservoir,MTZ,LMB,2500,"1.5"""
92445,Summit Reservoir,MTZ,RBT,5000,"10"""
70374,Sunset Lake,MES,RBT,5165,"10"""
53537,Sunset Lake - Pella Crossing,BOU,LMB,1300,"1.5"""
92483,Swale Lake,RGR,BRK,550,"3"""
70413,Swede Lake,RBL,LXB,200,"2"""
23507,Sweetwater Creek #2,GAR,CR1,3000,"1.5"""
70425,Sweetwater Lake,GAR,KOK,20000,"2"""
70425,Sweetwater Lake,GAR,RBT,3000,"10"""
89501,Sweitzer Lake,DEL,BGL,85497,"2"""
89501,Sweitzer Lake,DEL,LMB,5000,"1.5"""
70437,Sylvan Lake,EAG,HHN,3000,"10"""
70437,Sylvan Lake,EAG,RBT,4000,"10"""
70449,Tabor Lake,PIT,CR1,600,"1"""
53544,Tamarack Ranch Pond,LOG,CCF,1200,"8"""
53544,Tamarack Ranch Pond,LOG,LMB,800,"1.5"""
80008,Tarryall Reservoir,PAR,HHN,45000,"10"""
80008,Tarryall Reservoir,PAR,SPL,5000,"2"""
92510,Taylor Reservoir,GUN,RBT,67392,"10"""
43543,Taylor River #2,GUN,KOK,300000,"2"""
56653,Teal Lake,JAC,RBT,4500,"3"""
56653,Teal Lake,JAC,RBT,10000,"10"""
92534,Telluride Kids Pond,SNM,RBT,120,"10"""
70451,Tellurium Lake,EAG,CR1,750,"1"""
31055,"Tennessee Creek, West",LAK,BOR,2500,"1"""
92546,Terrace Reservoir,CON,HXH,7000,"3"""
56980,Thirty One Reservoir,JAC,BRK,600,"2"""
56980,Thirty One Reservoir,JAC,LXB,600,3•
56980,Thirty One Reservoir,JAC,RXN,600,"3"""
70475,Thomas Lake,EAG,CR1,1400,"1"""
70487,Thomas Lake #1,PIT,CR1,930,"1"""
70499,Thomas Lake #2,PIT,CR1,600,"1"""
52695,Thomas Reservoir,WEL,CCF,250,"8"""
52695,Thomas Reservoir,WEL,LMB,1200,"1.5"""
52695,Thomas Reservoir,WEL,RBT,4000,"10"""
12358,"Thompson River, Big #3",LAR,GRR,24000,"2"""
12384,"Thompson River, Big North",LAR,GRR,10000,"2"""
60260,Thornton Gravel Lake #2,ADA,RBT,6000,"10"""
60261,Thornton Gravel Lake #3,ADA,RBT,4000,"10"""
52832,Thornton Recreation Center,ADA,BGL,734,"2"""
52832,Thornton Recreation Center,ADA,CCF,325,"8"""
52832,Thornton Recreation Center,ADA,LMB,1000,"1.5"""
66919,Three Island Lake,EAG,CR1,480,"1"""
92602,Three Lakes,ARC,LOC,200,"3"""
92602,Three Lakes,ARC,SJN,1000,"2"""
79740,Thurston Reservoir,PRO,BCR,7500,"2"""
79740,Thurston Reservoir,PRO,BGL,12872,"2"""
79740,Thurston Reservoir,PRO,CCF,2784,"8"""
79740,Thurston Reservoir,PRO,LMB,100000,"0.2"""
79740,Thurston Reservoir,PRO,LMB,15000,"1.5"""
79740,Thurston Reservoir,PRO,SAG,15000,"1.2"""
79740,Thurston Reservoir,PRO,SXW,2500,"1.2"""
56691,Tiago Lake,JAC,RBT,6000,"10"""
56704,Timber Lake,LAR,GBN,1300,"1"""
96722,lineup Pond,GUN,RBT,200,"10"""
52306,Tom Frost Reservoir,ADA,CCF,275,"8"""
52306,Tom Frost Reservoir,ADA,LMB,300,"1.5"""
92623,Tomahawk Lake,GUN,LXB,500,"1"""
92659,Totten Reservoir,MTZ,BCR,20000,"2"""
92659,Totten Reservoir,MTZ,BGL,13591,"2"""
92659,Totten Reservoir,MTZ,CCF,865,"8"""
92659,Totten Reservoir,MTZ,LMB,3000,"1.5"""
56728,Trap Lake,LAR,RBT,10000,"10"""
70576,Treasure Vault Lake,EAG,CR1,500,"1"""
73609,Trent Pond,SUM,RBT,400,"10"""
92685,Trickle Park Reservoir,DEL,LOC,2000,"3"""
92685,Trickle Park Reservoir,DEL,RBT,4000,"10"""
92685,Trickle Park Reservoir,DEL,SRN,1000,"5"""
48670,"Trinchera Creek, North Fork",COS,RGS,2000,"4"""
81517,Trinidad Central Park Lake,LAS,BGL,500,"2"""
81517,Trinidad Central Park Lake,LAS,CCF,1000,"8"""
81517,Trinidad Central Park Lake,LAS,LMB,500,"1.5"""
81517,Trinidad Central Park Lake,LAS,RBT,3000,"10"""
81911,Trinidad Reservoir,LAS,BCR,16000,"2"""
81911,Trinidad Reservoir,LAS,CCF,24000,"3"""
81911,Trinidad Reservoir,LAS,LMB,100733,"0.2"""
81911,Trinidad Reservoir,LAS,LMB,6519,"1.5"""
81911,Trinidad Reservoir,LAS,RBT,15000,"10"""
81911,Trinidad Reservoir,LAS,RBT,15000,"10"""
81911,Trinidad Reservoir,LAS,SAG,28426,"1.2"""
81911,Trinidad Reservoir,LAS,SXW,12000,"1.2"""
81911,Trinidad Reservoir,LAS,WAL,20368,"1.2"""
31182,Trout Creek,PAR,NAN,1000,"1"""
92712,Trout Lake,SNM,RBT,6000,"10"""
92724,Trujillo Meadows Reservoir,CON,LOC,10000,"3"""
92724,Trujillo Meadows Reservoir,CON,RBT,7501,"10"""
70588,Truro Lake,PIT,CR1,700,"1"""
92736,Tucker Park Ponds,MIN,RBT,6403,"10"""
70590,Tuhare Lake Lower,EAG,CR1,100,"1"""
70603,Tuhare Lake Upper,EAG,CR1,100,"1"""
81226,Turks Pond,BAC,BCR,10000,"2"""
81226,Turks Pond,BAC,BGL,1500,"2"""
81226,Turks Pond,BAC,CCF,2500,"8"""
81226,Turks Pond,BAC,LMB,5000,"1.5"""
81226,Turks Pond,BAC,RBT,1000,"10"""
81226,Turks Pond,BAC,RBT,3200,"10"""
81226,Turks Pond,BAC,SAG,5500,"1.2"""
80010,Turquoise Lake,LAK,LOC,26856,"3"""
80010,Turquoise Lake,LAK,RBM,30000,"10"""
80010,Turquoise Lake,LAK,RBT,31041,"10"""
56754,Twin Crater Lake Lower,LAR,GBN,700,"1"""
56742,Twin Crater Lake Upper,LAR,GBN,1700,"1"""
56805,Twin Lake Upper,LAR,GBN,1700,"1"""
80022,Twin Lakes (Both),LAK,LOC,12000,"5"""
80022,Twin Lakes (Both},LAK,RBM,15300,"10"""
80022,Twin Lakes (Both},LAK,RBT,50000,"10"""
89820,Twin Spruce Ponds,MTZ,RBT,7500,"10"""
79752,Two Buttes Reservoir,BAC,BCR,20000,"2"""
79752,Two Buttes Reservoir,BAC,BGL,28280,"2"""
79752,Two Buttes Reservoir,BAC,CCF,16566,"3"""
79752,Two Buttes Reservoir,BAC,CCF,6717,"8"""
79752,Two Buttes Reservoir,BAC,HGC,500,"4"""
79752,Two Buttes Reservoir,BAC,LMB,152242,"0.2"""
79752,Two Buttes Reservoir,BAC,LMB,17645,"1.5"""
79752,Two Buttes Reservoir,BAC,RBT,2501,"10"""
79752,Two Buttes Reservoir,BAC,RBT,5500,"10"""
79752,Two Buttes Reservoir,BAC,RSF,5386,"1.5"""
79752,Two Buttes Reservoir,BAC,SAG,1000000,"0.2"""
79752,Two Buttes Reservoir,BAC,SAG,9229,"1.2"""
79752,Two Buttes Reservoir,BAC,SXW,100000,"0.2"""
56829,Two Ledge Reservoir,JAC,GOL,1500,"1"""
56829,Two Ledge Reservoir,JAC,NAN,1500,"1"""
46917,Uncompahgre River #2,MON,HXG,30000,"2"""
48181,Uncompahgre River #3A,MON,HXG,20000,"2"""
48181,Uncompahgre River #3A,MON,HXG,1500,"10"""
48193,Uncompahgre River #3B,OUR,KOK,50000,"1.5"""
53570,Union Reservoir,WEL,BCR,14000,"2"""
53570,Union Reservoir,WEL,CCF,1500,"3"""
53570,Union Reservoir,WEL,RBT,3200,"10"""
53570,Union Reservoir,WEL,SAG,1000000,"0.2"""
53570,Union Reservoir,WEL,SXW,300000,"0.2"""
53570,Union Reservoir,WEL,SXW,20000,"1.2"""
53570,Union Reservoir,WEL,WAL,52000,"1.2"""
70653,Upper Lake,GRA,CR1,1000,"1"""
79652,Upper Palmer Lake,ELP,NAN,3000,"2"""
81163,Upper Sand Creek Lake,SAG,RGH,5000,"1"""
56831,Urad Mine Lake,CLE,GRA,2500,"1"""
56831,Urad Mine Lake,CLE,HXH,8517,"10"""
56831,Urad Mine Lake,CLE,LXB,2500,"2"""
81410,Valeo Pond #1,PUE,BCR,4000,"2"""
81410,Valeo Pond #1,PUE,BGL,3000,"2"""
81410,Valeo Pond #1,PUE,CCF,800,"8"""
81410,Valeo Pond #1,PUE,LMB,1400,"1.5"""
81410,Valeo Pond #1,PUE,SAG,4500,"1.2"""
81412,Valeo Pond #2,PUE,BCR,3000,"2"""
81412,Valeo Pond #2,PUE,BGL,1800,"2"""
81412,Valeo Pond #2,PUE,SAG,1800,"1.2"""
81413,Valeo Pond #3,PUE,BCR,4000,"2"""
81413,Valeo Pond #3,PUE,BGL,1800,"2"""
81413,Valeo Pond #3,PUE,CCF,450,"8"""
81413,Valeo Pond #3,PUE,LMB,1050,"1.5"""
81413,Valeo Pond #3,PUE,SAG,4500,"1.2"""
81414,Valeo Pond #4,PUE,BCR,950,"2"""
81414,Valeo Pond #4,PUE,BGL,2850,"2"""
81414,Valeo Pond #4,PUE,CCF,950,"8"""
81414,Valeo Pond #4,PUE,LMB,950,"1.5"""
81415,Valeo Pond #5,PUE,BCR,1000,"2"""
81415,Valeo Pond #5,PUE,BGL,1000,"2"""
81415,Valeo Pond #5,PUE,CCF,270,"8"""
81415,Valeo Pond #5,PUE,LMB,1035,"1.5"""
81415,Valeo Pond #5,PUE,SAG,3000,"1.2"""
81417,Valeo Pond #6,PUE,CCF,300,"8"""
81418,Valeo Pond #7,PUE,BCR,3000,"2"""
81418,Valeo Pond #7,PUE,BGL,3100,"2"""
81418,Valeo Pond #7,PUE,CCF,2000,"8"""
81418,Valeo Pond #7,PUE,LMB,2000,"1.5"""
81418,Valeo Pond #7,PUE,SAG,5000,"1.2"""
92902,Vallecito Reservoir,LAP,RBT,18000,"10"""
92902,Vallecito Reservoir,LAP,RBT,22000,"13"""
70689,Vaughn Lake,RBL,CR1,5000,"2"""
70691,Vega Reservoir,MES,LXB,1300,"3"""
70691,Vega Reservoir,MES,RBT,100000,"3"""
70691,Vega Reservoir,MES,SRN,25000,"5"""
53582,Viele Lake,BOU,CCF,150,"8"""
53582,Viele Lake,BOU,RBT,3000,"10"""
81416,Virginia Lake,LAK,HCC,1500,"1.5"""
71303,W & G Reservoir,GAR,WXT,1000,"1"""
82406,Wahatoya Lake Reservoir,HUE,BGL,1000,"2"""
82406,Wahatoya Lake Reservoir,HUE,LMB,1500,"1.5"""
82406,Wahatoya Lake Reservoir,HUE,LOC,1000,"3"""
82406,Wahatoya Lake Reservoir,HUE,RBT,2000,"10"""
82406,Wahatoya Lake Reservoir,HUE,RBT,3000,"10"""
82406,Wahatoya Lake Reservoir,HUE,TGM,500,"7"""
56919,Wailers Pond,JEF,RBT,500,"10"""
54506,Walden Lions Park Pond,JAC,RBT,1000,"10"""
57821,Walden Pond Northeast,BOU,RBT,2000,"10"""
70704,Wall Lake,GAR,NAN,1000,"1"""
22625,Wallace Middle Wetland,LAR,NRD,2000,"2"""
81656,Walsenburg Kids Pond,HUE,BGL,2000,"2"""
81656,Walsenburg Kids Pond,HUE,RBT,800,"10"""
70716,Walters Lake,EAG,CR1,300,"1"""
58328,Waneka Lake,BOU,BGL,5234,"2"""
58328,Waneka Lake,BOU,CCF,1125,"8"""
58328,Waneka Lake,BOU,LMB,1025,"1.5"""
58328,Waneka Lake,BOU,RBT,5000,"10"""
92976,Ward Creek Reservoir,DEL,LOC,2000,"3"""
92976,Ward Creek Reservoir,DEL,RBT,5000,"10"""
92988,Ward Lake,DEL,LOC,2000,"3"""
92988,Ward Lake,DEL,RBT,5000,"10"""
70730,Water Dog Reservoir,MES,RBT,5000,"3"""
70730,Water Dog Reservoir,MES,RBT,2240,"10"""
70742,Waterdog Lake #1,EAG,CR1,100,"1"""
56893,Wattenberg Ponds,JAC,NAN,600,"1"""
53621,Webster Lake,ADA,BGL,2234,"2"""
53621,Webster Lake,ADA,CCF,325,"8"""
53621,Webster Lake,ADA,LMB,1000,"1.5"""
53621,Webster Lake,ADA,RBT,2000,"10"""
93031,Weir & Johnson Reservoir,DEL,RBT,3500,"10"""
70766,Weller Lake,PIT,CR1,900,"1"""
37711,Wertz Pond,BEN,BGL,250,"2"""
37711,Wertz Pond,BEN,CCF,150,"8"""
37711,Wertz Pond,BEN,LMB,200,"1.5"""
43997,West Creek,MES,LOC,2000,"2"""
56918,Westlake,LAR,LOC,1000,"3"""
56918,Westlake,LAR,RBT,12000,"10"""
70817,Westlake,MES,RBT,1665,"10"""
83058,Wetherill Pond,SAG,RBT,750,"10"""
70829,Wheat Lake,RBL,NAN,600,"1.5"""
81454,Wheeler Lake Lower,PAR,NAN,2500,"1"""
81466,Wheeler Lake Upper,PAR,NAN,500,"1"""
22728,White River #3,RBL,HHN,5000,"5"""
22741,"White River, North Fork",RBL,HXG,10000,"3"""
70867,Whitney Lake #1,EAG,CR1,530,"1"""
72025,Whitney Lake #2,EAG,CR1,250,"1"""
72429,Whitney Lake #3,EAG,CR1,100,"1"""
53645,Windsor Reservoir,WEL,WAL,100000,"0.2"""
44153,Wolf Creek #1,MIN,RBT,500,"10"""
36437,Wolf Creek #2,MIN,SJN,500,"1"""
81083,Wolf Lake,ELP,BCR,1033,"2"""
81083,Wolf Lake,ELP,BGL,4000,"2"""
81083,Wolf Lake,ELP,CCF,1000,"8"""
81083,Wolf Lake,ELP,LMB,500,"1.5"""
81083,Wolf Lake,ELP,RBT,5000,"10"""
81083,Wolf Lake,ELP,RBT,3000,"10"""
70989,Wolford Mountain Reservoir,GRA,HHN,5000,"10"""
70989,Wolford Mountain Reservoir,GRA,KOK,120000,2•
70989,Wolford Mountain Reservoir,GRA,LOC,43297,"3"""
70989,Wolford Mountain Reservoir,GRA,RBT,15000,"10"""
70994,Wolverine Lake,ROU,NAN,1200,"1.5"""
57023,Woodland Lake,BOU,GBN,800,"1"""
93308,Woods Lake,SNM,KCN,10000,"2"""
93308,Woods Lake,SNM,KCN,980,"5"""
83128,Wrights Lake,CHA,HCC,1500,"1.5"""
83128,Wrights Lake,CHA,RBT,3600,"10"""
72241,Yamcolo Reservoir,GAR,HXH,10000,"4"""
72241,Yamcolo Reservoir,GAR,HXH,5500,"10"""
22880,Yampa River #1,MOF,BYT,2750,"10"""
22905,Yampa River #3,ROU,HXG,25000,"4"""
22905,Yampa River #3,ROU,LOC,22171,"3"""
22917,Yampa River #4,ROU,BHS,2500,"8"""
22917,Yampa River #4,ROU,HXG,40000,"3"""
22917,Yampa River #4,ROU,HXG,5000,"7"""
22929,Yampa River #5,ROU,HXH,30000,"3"""
57035,Yankee Doodle Lake,BOU,BAC,1500,"3"""
71035,Yule Lake#1,GUN,CR1,400,"1"""
71047,Yule Lake #2,GUN,CR1,300,"1"""
71073,Yule Lake #5,GUN,CR1,500,"1"""
57059,Zimmerman Lake,LAR,BAC,4000,"1"""
57059,Zimmerman Lake,LAR,BAC,2000,"5"""
28971,Arkansas River #3B,PUE,LOC,12000,"3"""
28971,Arkansas River #3B,PUE,RBT,8000,10•
28971,Arkansas River #3B,PUE,RBT,8000,10•
32970,Arkansas River #6B,FRE,GRR,9000,"3"""
32982,Arkansas River #6C,FRE,GRR,5000,"3"""
32994,Arkansas River #60,FRE,GRR,12000,"3"""
29012,Arkansas River #7,CHA,GRR,15000,3•
29036,Arkansas River #9A,CHA,GRR,15000,"3"""
29048,Arkansas River #9B,CHA,GRR,2000,"3"""
53796,Barr lake,ADA,CCF,12486,"3"""
53796,Barr Lake,ADA,RBT,20000,"10"""
53796,Barr Lake,ADA,SXW,9000,1.2•
53796,Barr Lake,ADA,TGM,500,"7"""
53796,Barr Lake,ADA,WAL,2000000,0.2•
57617,Bear Creek Reservoir,JEF,RBT,13000,10•
57617,Bear Creek Reservoir,JEF,SAG,12253,"1.2"""
52491,Boyd Lake,LAR,BCR,12000,2•
52491,Boyd Lake,LAR,BGL,36608,2•
52491,Boyd Lake,LAR,CCF,9001,"3"""
52491,Boyd Lake,LAR,RBT,10000,"10"""
52491,Boyd Lake,LAR,RBT,4000,10•
52491,Boyd Lake,LAR,SAG,60939,1.2•
52491,Boyd Lake,LAR,TGM,600,7•
52491,Boyd Lake,LAR,WAL,2000000,"0.2"""
60284,Chatfield Pond #1,JEF,RBT,2000,"10"""
54306,Chatfield Reservoir,JEF,CCF,13735,"3"""
54306,Chatfield Reservoir,JEF,RBT,23800,10•
54306,Chatfield Reservoir,JEF,WAL,3000000,"0.2"""
54306,Chatfield Reservoir,JEF,WAL,14000,"1.2"""
52580,Cherry Creek Reservoir,ARA,BCR,5659,"2"""
52580,Cherry Creek Reservoir,ARA,CCF,11237,"3"""
52580,Cherry Creek Reservoir,ARA,RBT,21540,"10"""
52580,Cherry Creek Reservoir,ARA,WAL,4000000,"0.2"""
52580,Cherry Creek Reservoir,ARA,WAL,15000,"1.2"""
67226,Harvey Gap Reservoir,GAR,RBT,15225,"10"""
67226,Harvey Gap Reservoir,GAR,TGM,350,"24"""
79803,Horseshoe Reservoir,HUE,BCR,5000,"2"""
79803,Horseshoe Reservoir,HUE,BGL,10000,"2"""
79803,Horseshoe Reservoir,HUE,CCF,5786,"8"""
79803,Horseshoe Reservoir,HUE,RBT,7000,"10"""
79803,Horseshoe Reservoir,HUE,RBT,11000,"10"""
79803,Horseshoe Reservoir,HUE,SGR,50000,"1.2"""
79803,Horseshoe Reservoir,HUE,TGM,750,"7"""
90720,Jackson Gulch Reservoir,MTZ,RBT,14000,"10"""
90720,Jackson Gulch Reservoir,MTZ,SPL,5000,"3"""
53037,Jackson Reservoir,MOR,BCR,42000,"2"""
53037,Jackson Reservoir,MOR,BGL,52000,"2"""
53037,Jackson Reservoir,MOR,CCF,5000,"3"""
53037,Jackson Reservoir,MOR,SAG,1600000,"0.2"""
53037,Jackson Reservoir,MOR,SAG,30000,"1.2"""
53037,Jackson Reservoir,MOR,WAL,4600000,"0.2"""
53037,Jackson Reservoir,MOR,WAL,20000,"1.2"""
79524,John Martin Reservoir,BEN,BCF,25000,"3"""
79524,John Martin Reservoir,BEN,BCR,70000,"2"""
79524,John Martin Reservoir,BEN,CCF,50000,"3"""
79524,John Martin Reservoir,BEN,LMB,200000,"0.2"""
79524,John Martin Reservoir,BEN,LMB,25000,"1.5"""
79524,John Martin Reservoir,BEN,SAG,3000000,"0.2"""
79524,John Martin Reservoir,BEN,SAG,20000,"1.2"""
79524,John Martin Reservoir,BEN,SXW,200000,"0.2"""
79524,John Martin Reservoir,BEN,WAL,14577,"1.2"""
55372,Kelly Lake,JAC,GBN,3750,"1"""
57819,Kriley Pond,GIL,HXH,9107,"10"""
53671,Lake Agnes Lower,JAC,GBN,1500,1·
53683,Lake Agnes Upper,JAC,GBN,300,"1"""
68153,Mack Mesa Lake,MES,BCR,9417,"2"""
68153,Mack Mesa Lake,MES,BGL,11000,"2"""
68153,Mack Mesa Lake,MES,CCF,700,"3"""
68153,Mack Mesa Lake,MES,LMB,25000,"0.2"""
68153,Mack Mesa Lake,MES,LMB,5000,"1.5"""
68153,Mack Mesa Lake,MES,RBT,6290,"10"""
79841,Martin Lake,HUE,BCR,5000,"2"""
79841,Martin Lake,HUE,CCF,5750,"8"""
79841,Martin Lake,HUE,LMB,5700,"1.5"""
79841,Martin Lake,HUE,RBT,7000,"10"""
79841,Martin Lake,HUE,RBT,11000,"10"""
79841,Martin Lake,HUE,SAG,15000,"1.2"""
79841,Martin Lake,HUE,SXW,5000,"1.2"""
79841,Martin Lake,HUE,WAL,20000,"1.2"""
55815,N Fk Michigan R Lake,JAC,RBT,7000,"5"""
55815,N Fk Michigan R Lake,JAC,RBT,18000,"10"""
91518,Navajo Reservoir,ARC,KOK,150000,"2"""
53328,North Sterling Reservoir,LOG,BCR,60000,"2"""
53328,North Sterling Reservoir,LOG,BGL,25000,"2"""
53328,North Sterling Reservoir,LOG,BGL,25000,"2"""
53328,North Sterling Reservoir,LOG,CCF,30000,"3"""
53328,North Sterling Reservoir,LOG,SAG,1400000,"0.2"""
53328,North Sterling Reservoir,LOG,SAG,35000,"1.2"""
53328,North Sterling Reservoir,LOG,SXW,200000,"0.2"""
30851,South Platte River #13A,PAR,HXG,10000,"3"""
30851,South Platte River#13A,PAR,HXG,1500,"10"""
14681,South Platte River #9A,JEF,RBT,10000,"3"""
14681,South Platte River #9A,JEF,RBT,5000,"10"""
82583,Spinney Mountain Reservoir,PAR,HHN,45000,"12"""
58092,St. Vrain State Park Bald,WEL,BGL,7500,"2"""
58092,St. Vrain State Park Bald,WEL,CCF,200,"8"""
58092,St. Vrain State Park Bald,WEL,LMB,1500,"1.5"""
58092,St. Vrain State Park Bald,WEL,RBT,100,"10"""
58083,St. Vrain State Park Blue,WEL,BCR,22000,"2"""
58083,St. Vrain State Park Blue,WEL,CCF,4600,"3"""
58083,St. Vrain State Park Blue,WEL,CCF,1595,"8"""
58083,St. Vrain State Park Blue,WEL,LMB,10250,"1.5"""
58083,St. Vrain State Park Blue,WEL,RSF,3000,"1.5"""
58083,St. Vrain State Park Blue,WEL,SAG,500000,"0.2"""
58083,St. Vrain State Park Blue,WEL,SAG,18000,"1.2"""
58091,St. Vrain State Park Coot,WEL,BCR,1500,"2"""
58091,St. Vrain State Park Coot,WEL,CCF,250,"8"""
58091,St. Vrain State Park Coot,WEL,LMB,2430,"1.5"""
58091,St. Vrain State Park Coot,WEL,RBT,4300,"10"""
58091,St. Vrain State Park Coot,WEL,SAG,2000,"1.2"""
58091,St. Vrain State Park Coot,WEL,WAL,100000,"0.2"""
58099,St. Vrain State Park Mallard,WEL,CCF,250,"8"""
58099,St. Vrain State Park Mallard,WEL,RBT,1600,"10"""
58099,St. Vrain State Park Mallard,WEL,SXW,25000,"0.2"""
58099,St. Vrain State Park Mallard,WEL,SXW,1000,"1.2"""
52388,St. Vrain State Park Pelican,WEL,BCR,5000,"2"""
52388,St. Vrain State Park Pelican,WEL,CCF,1000,"8"""
52388,St. Vrain State Park Pelican,WEL,LMB,4500,"1.5"""
52388,St. Vrain State Park Pelican,WEL,RBT,1000,"10"""
52388,St. Vrain State Park Pelican,WEL,RSF,2500,"1.5"""
52388,St. Vrain State Park Pelican,WEL,SAG,200000,"0.2"""
52388,St. Vrain State Park Pelican,WEL,SGR,2500,"1.2"""
58090,St. Vrain State Park Pintail,WEL,BCR,1000,"2"""
58090,St. Vrain State Park Pintail,WEL,CCF,80,"8"""
58090,St. Vrain State Park Pintail,WEL,RBT,3000,"10"""
58085,St. Vrain State Park Red Tail,WEL,CCF,25,"8"""
58085,St. Vrain State Park Red Tail,WEL,LMB,500,"1.5"""
58085,St. Vrain State Park Red Tail,WEL,RBT,700,"10"""
58087,St. Vrain State Park,WEL,CCF,1000,"8"""
58087,St. Vrain State Park,WEL,RBT,4000,"10"""
58087,St. Vrain State Park,WEL,RBT,5000,"10"""
58087,St. Vrain State Park,WEL,SGR,2500,"1.2"""
58087,St. Vrain State Park,WEL,SXW,25000,"0.2"""
58087,St. Vrain State Park,WEL,SXW,1000,"1.2"""
58087,St. Vraln State Park,WEL,WAL,200000,"0.2"""
73902,Stagecoach Reservoir,ROU,HXH,33000,"12"""
70223,Steamboat Lake,ROU,HHN,30000,"4"""
70223,Steamboat Lake,ROU,HXH,100000,"3"""
89501,Sweitzer Lake,DEL,BGL,85497,"2"""
89501,Sweitzer Lake,DEL,LMB,5000,"1.5"""
70437,Sylvan Lake,EAG,HHN,3000,"10"""
70437,Sylvan Lake,EAG,RBT,4000,"10"""
81911,Trinidad Reservoir,LAS,BCR,16000,"2"""
81911,Trinidad Reservoir,LAS,CCF,24000,"3"""
81911,Trinidad Reservoir,LAS,LMB,100733,"0.2"""
81911,Trinidad Reservoir,LAS,LMB,6519,"1.5"""
81911,Trinidad Reservoir,LAS,RBT,15000,"10"""
81911,Trinidad Reservoir,LAS,RBT,15000,"10"""
81911,Trinidad Reservoir,LAS,SAG,28426,"1.2"""
81911,Trinidad Reservoir,LAS,WAL,20368,"1.2"""
81413,Valeo Pond #3,PUE,BCR,4000,"2"""
81413,Valeo Pond #3,PUE,BGL,1800,"2"""
81413,Valeo Pond #3,PUE,CCF,450,"8"""
81413,Valeo Pond #3,PUE,LMB,1050,"1.5"""
81413,Valeo Pond #3,PUE,SAG,4500,"1.2"""
81414,Valeo Pond #4,PUE,BCR,950,"2"""
81414,Valeo Pond #4,PUE,BGL,2850,"2"""
81414,Valeo Pond #4,PUE,CCF,950,"8"""
81414,Valeo Pond #4,PUE,LMB,950,"1.5"""
81415,Valeo Pond #5,PUE,BCR,1000,"2"""
81415,Valeo Pond #5,PUE,BGL,1000,"2"""
81415,Valeo Pond #5,PUE,CCF,270,"8"""
81415,Valeo Pond #5,PUE,LMB,1035,"1.5"""
81415,Valeo Pond #5,PUE,SAG,3000,"1.2"""
81417,Valeo Pond #6,PUE,CCF,300,"8"""
81418,Valeo Pond #7,PUE,BCR,3000,"2"""
81418,Valeo Pond #7,PUE,BGL,3100,"2"""
81418,Valeo Pond #7,PUE,CCF,2000,"8"""
81418,Valeo Pond #7,PUE,LMB,2000,"1.5"""
81418,Valeo Pond #7,PUE,SAG,5000,"1.2"""
70691,Vega Reservoir,MES,LXB,1300,"3"""
70691,Vega Reservoir,MES,RBT,100000,"3"""
70691,Vega Reservoir,MES,SRN,25000,"5"""
